date,cash,shares,close_price,equity,signal,signal_source
2020-01-02,1000000.0,0,55200.0,1000000.0,HOLD,
2020-01-03,1000000.0,0,55500.0,1000000.0,HOLD,
2020-01-06,1000000.0,0,55500.0,1000000.0,HOLD,
2020-01-07,1000000.0,0,55800.0,1000000.0,HOLD,
2020-01-08,1000000.0,0,56800.0,1000000.0,HOLD,
2020-01-09,1000000.0,0,58600.0,1000000.0,HOLD,
2020-01-10,1000000.0,0,59500.0,1000000.0,HOLD,
2020-01-13,1000000.0,0,60000.0,1000000.0,HOLD,
2020-01-14,1000000.0,0,60000.0,1000000.0,HOLD,
2020-01-15,1000000.0,0,59000.0,1000000.0,HOLD,
2020-01-16,1000000.0,0,60700.0,1000000.0,HOLD,
2020-01-17,1000000.0,0,61300.0,1000000.0,HOLD,
2020-01-20,1000000.0,0,62400.0,1000000.0,HOLD,
2020-01-21,1000000.0,0,61400.0,1000000.0,HOLD,
2020-01-22,1000000.0,0,62300.0,1000000.0,HOLD,
2020-01-23,1000000.0,0,60800.0,1000000.0,HOLD,
2020-01-28,1000000.0,0,58800.0,1000000.0,HOLD,
2020-01-29,1000000.0,0,59100.0,1000000.0,HOLD,
2020-01-30,1000000.0,0,57200.0,1000000.0,HOLD,
2020-01-31,1000000.0,0,56400.0,1000000.0,HOLD,
2020-02-03,1000000.0,0,57200.0,1000000.0,HOLD,
2020-02-04,1000000.0,0,58900.0,1000000.0,HOLD,
2020-02-05,1000000.0,0,59500.0,1000000.0,HOLD,
2020-02-06,1000000.0,0,61100.0,1000000.0,HOLD,
2020-02-07,1000000.0,0,60400.0,1000000.0,HOLD,
2020-02-10,1000000.0,0,59700.0,1000000.0,HOLD,
2020-02-11,1000000.0,0,59900.0,1000000.0,HOLD,
2020-02-12,1000000.0,0,60500.0,1000000.0,HOLD,
2020-02-13,1000000.0,0,60700.0,1000000.0,HOLD,
2020-02-14,1000000.0,0,61800.0,1000000.0,HOLD,
2020-02-17,1000000.0,0,61500.0,1000000.0,HOLD,
2020-02-18,1000000.0,0,59800.0,1000000.0,HOLD,
2020-02-19,1000000.0,0,60200.0,1000000.0,HOLD,
2020-02-20,1000000.0,0,60000.0,1000000.0,HOLD,
2020-02-21,1000000.0,0,59200.0,1000000.0,HOLD,
2020-02-24,1000000.0,0,56800.0,1000000.0,HOLD,
2020-02-25,1000000.0,0,57900.0,1000000.0,HOLD,
2020-02-26,1000000.0,0,56500.0,1000000.0,HOLD,
2020-02-27,1000000.0,0,55900.0,1000000.0,HOLD,
2020-02-28,1000000.0,0,54200.0,1000000.0,HOLD,
2020-03-02,1000000.0,0,55000.0,1000000.0,HOLD,
2020-03-03,1000000.0,0,55400.0,1000000.0,HOLD,
2020-03-04,1000000.0,0,57400.0,1000000.0,HOLD,
2020-03-05,1000000.0,0,57800.0,1000000.0,HOLD,
2020-03-06,1000000.0,0,56500.0,1000000.0,HOLD,
2020-03-09,1000000.0,0,56500.0,1000000.0,HOLD,
2020-03-10,1000000.0,0,54600.0,1000000.0,HOLD,
2020-03-11,1000000.0,0,52100.0,1000000.0,HOLD,
2020-03-12,1000000.0,0,52100.0,1000000.0,HOLD,
2020-03-13,1000000.0,0,49950.0,1000000.0,HOLD,
2020-03-16,1000000.0,0,48900.0,1000000.0,HOLD,
2020-03-17,1000000.0,0,47300.0,1000000.0,HOLD,
2020-03-18,1000000.0,0,45600.0,1000000.0,HOLD,
2020-03-19,1000000.0,0,42950.0,1000000.0,HOLD,
2020-03-20,1000000.0,0,45400.0,1000000.0,HOLD,
2020-03-23,1000000.0,0,42500.0,1000000.0,HOLD,
2020-03-24,1000000.0,0,46950.0,1000000.0,HOLD,
2020-03-25,1000000.0,0,48650.0,1000000.0,HOLD,
2020-03-26,1000000.0,0,47800.0,1000000.0,HOLD,
2020-03-27,1000000.0,0,48300.0,1000000.0,HOLD,
2020-03-30,1000000.0,0,47850.0,1000000.0,SELL,-5576.666666666664
2020-03-31,1000000.0,0,47750.0,1000000.0,SELL,-5811.666666666664
2020-04-01,1000000.0,0,45800.0,1000000.0,SELL,-6065.0
2020-04-02,1000000.0,0,46800.0,1000000.0,SELL,-6483.333333333336
2020-04-03,1000000.0,0,47000.0,1000000.0,SELL,-6883.333333333336
2020-04-06,1000000.0,0,48700.0,1000000.0,SELL,-7195.0
2020-04-07,1000000.0,0,49600.0,1000000.0,SELL,-7420.0
2020-04-08,1000000.0,0,48600.0,1000000.0,SELL,-7505.0
2020-04-09,1000000.0,0,49100.0,1000000.0,SELL,-7490.0
2020-04-10,1000000.0,0,49250.0,1000000.0,SELL,-7458.333333333336
2020-04-13,1000000.0,0,48300.0,1000000.0,SELL,-7330.833333333336
2020-04-14,1000000.0,0,49000.0,1000000.0,SELL,-7154.166666666664
2020-04-16,1000000.0,0,49000.0,1000000.0,SELL,-6864.166666666664
2020-04-17,1000000.0,0,51400.0,1000000.0,SELL,-6470.833333333336
2020-04-20,1000000.0,0,50100.0,1000000.0,SELL,-5881.666666666664
2020-04-21,1000000.0,0,49250.0,1000000.0,SELL,-5443.333333333336
2020-04-22,1000000.0,0,49850.0,1000000.0,SELL,-4913.333333333336
2020-04-23,1000000.0,0,49850.0,1000000.0,SELL,-4619.166666666664
2020-04-24,1000000.0,0,49350.0,1000000.0,SELL,-4405.0
2020-04-27,1000000.0,0,49850.0,1000000.0,SELL,-4196.666666666664
2020-04-28,1000000.0,0,50100.0,1000000.0,SELL,-4010.0
2020-04-29,1000000.0,0,50000.0,1000000.0,SELL,-3779.1666666666642
2020-05-04,1000000.0,0,48500.0,1000000.0,SELL,-3518.3333333333358
2020-05-06,1000000.0,0,49200.0,1000000.0,SELL,-3200.0
2020-05-07,1000000.0,0,48800.0,1000000.0,SELL,-2881.6666666666642
2020-05-08,1000000.0,0,48800.0,1000000.0,SELL,-2598.3333333333358
2020-05-11,1000000.0,0,48400.0,1000000.0,SELL,-2411.6666666666642
2020-05-12,1000000.0,0,47900.0,1000000.0,SELL,-2280.0
2020-05-13,1000000.0,0,48550.0,1000000.0,SELL,-2105.0
2020-05-14,1000000.0,0,48000.0,1000000.0,SELL,-1930.0
2020-05-15,1000000.0,0,47850.0,1000000.0,SELL,-1762.5
2020-05-18,1000000.0,0,48800.0,1000000.0,SELL,-1557.5
2020-05-19,1000000.0,0,50300.0,1000000.0,SELL,-1384.1666666666642
2020-05-20,1000000.0,0,50000.0,1000000.0,SELL,-1154.1666666666642
2020-05-21,1000000.0,0,49950.0,1000000.0,SELL,-1057.5
2020-05-22,1000000.0,0,48750.0,1000000.0,SELL,-910.8333333333358
2020-05-25,1000000.0,0,48850.0,1000000.0,SELL,-801.6666666666642
2020-05-26,1000000.0,0,49250.0,1000000.0,SELL,-700.8333333333358
2020-05-27,1000000.0,0,49900.0,1000000.0,SELL,-610.0
2020-05-28,1000000.0,0,50400.0,1000000.0,SELL,-482.5
2020-05-29,1000000.0,0,50700.0,1000000.0,SELL,-391.66666666666424
2020-06-01,1000000.0,0,51200.0,1000000.0,SELL,-290.0
2020-06-02,1000000.0,0,51400.0,1000000.0,SELL,-160.0
2020-06-03,15652.369999999995,19,54500.0,1051152.37,BUY,85.0
2020-06-04,15652.369999999995,19,54600.0,1053052.37,BUY,405.0
2020-06-05,15652.369999999995,19,55500.0,1070152.37,BUY,726.6666666666642
2020-06-08,15652.369999999995,19,54900.0,1058752.37,BUY,1078.3333333333358
2020-06-09,15652.369999999995,19,55500.0,1070152.37,BUY,1398.3333333333358
2020-06-10,15652.369999999995,19,55400.0,1068252.37,BUY,1721.6666666666642
2020-06-11,15652.369999999995,19,54300.0,1047352.37,BUY,2009.1666666666642
2020-06-12,15652.369999999995,19,52300.0,1009352.37,BUY,2251.6666666666642
2020-06-15,15652.369999999995,19,49900.0,963752.37,BUY,2417.5
2020-06-16,15652.369999999995,19,52100.0,1005552.37,BUY,2429.1666666666642
2020-06-17,15652.369999999995,19,52200.0,1007452.37,BUY,2410.8333333333358
2020-06-18,15652.369999999995,19,52300.0,1009352.37,BUY,2366.6666666666642
2020-06-19,15652.369999999995,19,52900.0,1020752.37,BUY,2369.1666666666642
2020-06-22,15652.369999999995,19,52000.0,1003652.37,BUY,2403.3333333333358
2020-06-23,15652.369999999995,19,51400.0,992252.37,BUY,2476.6666666666642
2020-06-24,15652.369999999995,19,52900.0,1020752.37,BUY,2538.3333333333358
2020-06-25,15652.369999999995,19,51900.0,1001752.37,BUY,2603.3333333333358
2020-06-26,15652.369999999995,19,53300.0,1028352.37,BUY,2618.3333333333358
2020-06-29,15652.369999999995,19,52400.0,1011252.37,BUY,2657.5
2020-06-30,15652.369999999995,19,52800.0,1018852.37,BUY,2640.0
2020-07-01,15652.369999999995,19,52600.0,1015052.37,BUY,2593.3333333333358
2020-07-02,15652.369999999995,19,52900.0,1020752.37,BUY,2401.6666666666642
2020-07-03,15652.369999999995,19,53600.0,1034052.37,BUY,2218.3333333333358
2020-07-06,15652.369999999995,19,55000.0,1060652.37,BUY,2041.6666666666642
2020-07-07,15652.369999999995,19,53400.0,1030252.37,BUY,1956.6666666666642
2020-07-08,15652.369999999995,19,53000.0,1022652.37,BUY,1771.6666666666642
2020-07-09,15652.369999999995,19,52800.0,1018852.37,BUY,1586.6666666666642
2020-07-10,15652.369999999995,19,52700.0,1016952.37,BUY,1452.5
2020-07-13,15652.369999999995,19,53400.0,1030252.37,BUY,1399.1666666666642
2020-07-14,15652.369999999995,19,53800.0,1037852.37,BUY,1500.8333333333358
2020-07-15,15652.369999999995,19,54700.0,1054952.37,BUY,1505.8333333333358
2020-07-16,15652.369999999995,19,53800.0,1037852.37,BUY,1575.8333333333358
2020-07-17,15652.369999999995,19,54400.0,1049252.37,BUY,1589.1666666666642
2020-07-20,15652.369999999995,19,54200.0,1045452.37,BUY,1578.3333333333358
2020-07-21,15652.369999999995,19,55300.0,1066352.37,BUY,1615.8333333333358
2020-07-22,15652.369999999995,19,54700.0,1054952.37,BUY,1720.0
2020-07-23,15652.369999999995,19,54100.0,1043552.37,BUY,1720.8333333333358
2020-07-24,15652.369999999995,19,54200.0,1045452.37,BUY,1760.0
2020-07-27,15652.369999999995,19,55600.0,1072052.37,BUY,1736.6666666666642
2020-07-28,15652.369999999995,19,58600.0,1129052.37,BUY,1803.3333333333358
2020-07-29,15652.369999999995,19,59000.0,1136652.37,BUY,1925.0
2020-07-30,15652.369999999995,19,59000.0,1136652.37,BUY,2081.6666666666642
2020-07-31,15652.369999999995,19,57900.0,1115752.37,BUY,2216.6666666666642
2020-08-03,15652.369999999995,19,56800.0,1094852.37,BUY,2280.0
2020-08-04,15652.369999999995,19,57300.0,1104352.37,BUY,2230.0
2020-08-05,15652.369999999995,19,56900.0,1096752.37,BUY,2268.3333333333358
2020-08-06,15652.369999999995,19,58000.0,1117652.37,BUY,2324.1666666666642
2020-08-07,15652.369999999995,19,57500.0,1108152.37,BUY,2417.5
2020-08-10,15652.369999999995,19,57800.0,1113852.37,BUY,2496.6666666666642
2020-08-11,15652.369999999995,19,58200.0,1121452.37,BUY,2566.6666666666642
2020-08-12,15652.369999999995,19,59000.0,1136652.37,BUY,2655.0
2020-08-13,15652.369999999995,19,58700.0,1130952.37,BUY,2720.0
2020-08-14,15652.369999999995,19,58000.0,1117652.37,BUY,2819.1666666666642
2020-08-18,15652.369999999995,19,58400.0,1125252.37,BUY,2845.0
2020-08-19,15652.369999999995,19,57800.0,1113852.37,BUY,2895.8333333333358
2020-08-20,15652.369999999995,19,55400.0,1068252.37,BUY,2878.3333333333358
2020-08-21,15652.369999999995,19,55900.0,1077752.37,BUY,2821.6666666666642
2020-08-24,15652.369999999995,19,56100.0,1081552.37,BUY,2820.0
2020-08-25,15652.369999999995,19,56400.0,1087252.37,BUY,2825.0
2020-08-26,15652.369999999995,19,56400.0,1087252.37,BUY,2778.3333333333358
2020-08-27,15652.369999999995,19,55600.0,1072052.37,BUY,2585.0
2020-08-28,15652.369999999995,19,55400.0,1068252.37,BUY,2396.6666666666642
2020-08-31,15652.369999999995,19,54000.0,1041652.37,BUY,2203.3333333333358
2020-09-01,15652.369999999995,19,54200.0,1045452.37,BUY,2033.3333333333358
2020-09-02,15652.369999999995,19,54400.0,1049252.37,BUY,1915.0
2020-09-03,15652.369999999995,19,56400.0,1087252.37,BUY,1788.3333333333358
2020-09-04,15652.369999999995,19,55600.0,1072052.37,BUY,1746.6666666666642
2020-09-07,15652.369999999995,19,56500.0,1089152.37,BUY,1605.0
2020-09-08,15652.369999999995,19,58700.0,1130952.37,BUY,1485.0
2020-09-09,15652.369999999995,19,58400.0,1125252.37,BUY,1383.3333333333358
2020-09-10,15652.369999999995,19,59200.0,1140452.37,BUY,1288.3333333333358
2020-09-11,15652.369999999995,19,59000.0,1136652.37,BUY,1181.6666666666642
2020-09-14,15652.369999999995,19,60400.0,1163252.37,BUY,1085.0
2020-09-15,15652.369999999995,19,61000.0,1174652.37,BUY,1080.0
2020-09-16,15652.369999999995,19,61000.0,1174652.37,BUY,1060.0
2020-09-17,15652.369999999995,19,59500.0,1146152.37,BUY,1060.0
2020-09-18,15652.369999999995,19,59300.0,1142352.37,BUY,1155.0
2020-09-21,15652.369999999995,19,59200.0,1140452.37,BUY,1201.6666666666642
2020-09-22,15652.369999999995,19,58200.0,1121452.37,BUY,1258.3333333333358
2020-09-23,15652.369999999995,19,58600.0,1129052.37,BUY,1251.6666666666642
2020-09-24,15652.369999999995,19,57800.0,1113852.37,BUY,1265.0
2020-09-25,15652.369999999995,19,57900.0,1115752.37,BUY,1288.3333333333358
2020-09-28,15652.369999999995,19,58200.0,1121452.37,BUY,1330.0
2020-09-29,15652.369999999995,19,58200.0,1121452.37,BUY,1463.3333333333358
2020-10-05,15652.369999999995,19,58700.0,1130952.37,BUY,1610.0
2020-10-06,15652.369999999995,19,59000.0,1136652.37,BUY,1736.6666666666642
2020-10-07,15652.369999999995,19,59900.0,1153752.37,BUY,1766.6666666666642
2020-10-08,15652.369999999995,19,59700.0,1149952.37,BUY,1863.3333333333358
2020-10-12,15652.369999999995,19,60400.0,1163252.37,BUY,1906.6666666666642
2020-10-13,15652.369999999995,19,60900.0,1172752.37,BUY,1875.0
2020-10-14,15652.369999999995,19,60900.0,1172752.37,BUY,1881.6666666666642
2020-10-15,15652.369999999995,19,60000.0,1155652.37,BUY,1863.3333333333358
2020-10-16,15652.369999999995,19,59500.0,1146152.37,BUY,1810.0
2020-10-19,15652.369999999995,19,60000.0,1155652.37,BUY,1680.0
2020-10-20,15652.369999999995,19,60900.0,1172752.37,BUY,1533.3333333333358
2020-10-21,15652.369999999995,19,60900.0,1172752.37,BUY,1435.0
2020-10-22,15652.369999999995,19,60100.0,1157552.37,BUY,1401.6666666666642
2020-10-23,15652.369999999995,19,60200.0,1159452.37,BUY,1341.6666666666642
2020-10-26,15652.369999999995,19,60400.0,1163252.37,BUY,1291.6666666666642
2020-10-27,15652.369999999995,19,59800.0,1151852.37,BUY,1321.6666666666642
2020-10-28,15652.369999999995,19,59000.0,1136652.37,BUY,1361.6666666666642
2020-10-29,15652.369999999995,19,58100.0,1119552.37,BUY,1421.6666666666642
2020-10-30,15652.369999999995,19,56600.0,1091052.37,BUY,1446.6666666666642
2020-11-02,15652.369999999995,19,57400.0,1106252.37,BUY,1388.3333333333358
2020-11-03,15652.369999999995,19,58800.0,1132852.37,BUY,1338.3333333333358
2020-11-04,15652.369999999995,19,58500.0,1127152.37,BUY,1318.3333333333358
2020-11-05,15652.369999999995,19,60300.0,1161352.37,BUY,1266.6666666666642
2020-11-06,15652.369999999995,19,60100.0,1157552.37,BUY,1248.3333333333358
2020-11-09,15652.369999999995,19,60200.0,1159452.37,BUY,1225.0
2020-11-10,15652.369999999995,19,60200.0,1159452.37,BUY,1175.0
2020-11-11,15652.369999999995,19,61300.0,1180352.37,BUY,1106.6666666666642
2020-11-12,15652.369999999995,19,61000.0,1174652.37,BUY,1088.3333333333358
2020-11-13,15652.369999999995,19,63200.0,1216452.37,BUY,1100.0
2020-11-16,15652.369999999995,19,66300.0,1275352.37,BUY,1198.3333333333358
2020-11-17,15652.369999999995,19,65700.0,1263952.37,BUY,1381.6666666666642
2020-11-18,15652.369999999995,19,64800.0,1246852.37,BUY,1490.0
2020-11-19,15652.369999999995,19,64600.0,1243052.37,BUY,1528.3333333333358
2020-11-20,15652.369999999995,19,64700.0,1244952.37,BUY,1608.3333333333358
2020-11-23,15652.369999999995,19,67500.0,1298152.37,BUY,1690.0
2020-11-24,15652.369999999995,19,67700.0,1301952.37,BUY,1860.0
2020-11-25,15652.369999999995,19,66600.0,1281052.37,BUY,2066.6666666666642
2020-11-26,15652.369999999995,19,68000.0,1307652.37,BUY,2263.3333333333358
2020-11-27,15652.369999999995,19,68200.0,1311452.37,BUY,2548.3333333333358
2020-11-30,15652.369999999995,19,66700.0,1282952.37,BUY,2891.6666666666642
2020-12-01,15652.369999999995,19,67800.0,1303852.37,BUY,3148.3333333333358
2020-12-02,15652.369999999995,19,69500.0,1336152.37,BUY,3375.0
2020-12-03,15652.369999999995,19,69700.0,1339952.37,BUY,3706.6666666666642
2020-12-04,15652.369999999995,19,71500.0,1374152.37,BUY,3941.6666666666642
2020-12-07,15652.369999999995,19,72900.0,1400752.37,BUY,4261.666666666664
2020-12-08,15652.369999999995,19,71700.0,1377952.37,BUY,4660.0
2020-12-09,15652.369999999995,19,73900.0,1419752.37,BUY,5013.333333333336
2020-12-10,15652.369999999995,19,72900.0,1400752.37,BUY,5398.333333333336
2020-12-11,15652.369999999995,19,73400.0,1410252.37,BUY,5761.666666666664
2020-12-14,15652.369999999995,19,73800.0,1417852.37,BUY,6055.0
2020-12-15,15652.369999999995,19,73800.0,1417852.37,BUY,6216.666666666664
2020-12-16,15652.369999999995,19,73800.0,1417852.37,BUY,6408.333333333336
2020-12-17,15652.369999999995,19,73300.0,1408352.37,BUY,6620.0
2020-12-18,15652.369999999995,19,73000.0,1402652.37,BUY,6821.666666666664
2020-12-21,15652.369999999995,19,73000.0,1402652.37,BUY,7006.666666666664
2020-12-22,15652.369999999995,19,72300.0,1389352.37,BUY,7035.0
2020-12-23,15652.369999999995,19,73900.0,1419752.37,BUY,7036.666666666664
2020-12-24,15652.369999999995,19,77800.0,1493852.37,BUY,7133.333333333336
2020-12-28,15652.369999999995,19,78700.0,1510952.37,BUY,7291.666666666664
2020-12-29,15652.369999999995,19,78300.0,1503352.37,BUY,7475.0
2020-12-30,15652.369999999995,19,81000.0,1554652.37,BUY,7720.0
2021-01-04,15652.369999999995,19,83000.0,1592652.37,BUY,8008.3333333333285
2021-01-05,15652.369999999995,19,83900.0,1609752.37,BUY,8283.333333333328
2021-01-06,15652.369999999995,19,82200.0,1577452.37,BUY,8593.333333333328
2021-01-07,15652.369999999995,19,82900.0,1590752.37,BUY,8753.333333333328
2021-01-08,15652.369999999995,19,88800.0,1702852.37,BUY,8878.333333333328
2021-01-11,15652.369999999995,19,91000.0,1744652.37,BUY,9268.333333333328
2021-01-12,15652.369999999995,19,90600.0,1737052.37,BUY,9621.666666666672
2021-01-13,15652.369999999995,19,89700.0,1719952.37,BUY,9996.666666666672
2021-01-14,15652.369999999995,19,89700.0,1719952.37,BUY,10308.333333333328
2021-01-15,15652.369999999995,19,88000.0,1687652.37,BUY,10608.333333333328
2021-01-18,15652.369999999995,19,85000.0,1630652.37,BUY,10866.666666666672
2021-01-19,15652.369999999995,19,87000.0,1668652.37,BUY,11025.0
2021-01-20,15652.369999999995,19,87200.0,1672452.37,BUY,11261.666666666672
2021-01-21,15652.369999999995,19,88100.0,1689552.37,BUY,11521.666666666672
2021-01-22,15652.369999999995,19,86800.0,1664852.37,BUY,11815.0
2021-01-25,15652.369999999995,19,89400.0,1714252.37,BUY,12090.0
2021-01-26,15652.369999999995,19,86700.0,1662952.37,BUY,12358.333333333328
2021-01-27,15652.369999999995,19,85600.0,1642052.37,BUY,12326.666666666672
2021-01-28,15652.369999999995,19,83700.0,1605952.37,BUY,12188.333333333328
2021-01-29,15652.369999999995,19,82000.0,1573652.37,BUY,12020.0
2021-02-01,15652.369999999995,19,83000.0,1592652.37,BUY,11683.333333333328
2021-02-02,15652.369999999995,19,84400.0,1619252.37,BUY,11275.0
2021-02-03,15652.369999999995,19,84600.0,1623052.37,BUY,10898.333333333328
2021-02-04,15652.369999999995,19,82500.0,1583152.37,BUY,10610.0
2021-02-05,15652.369999999995,19,83500.0,1602152.37,BUY,10218.333333333328
2021-02-08,15652.369999999995,19,83000.0,1592652.37,BUY,9565.0
2021-02-09,15652.369999999995,19,82700.0,1586952.37,BUY,8803.333333333328
2021-02-10,15652.369999999995,19,81600.0,1566052.37,BUY,8046.6666666666715
2021-02-15,15652.369999999995,19,84200.0,1615452.37,BUY,7335.0
2021-02-16,15652.369999999995,19,84900.0,1628752.37,BUY,6761.6666666666715
2021-02-17,15652.369999999995,19,83200.0,1596452.37,BUY,6286.6666666666715
2021-02-18,15652.369999999995,19,82100.0,1575552.37,BUY,5890.0
2021-02-19,15652.369999999995,19,82600.0,1585052.37,BUY,5353.3333333333285
2021-02-22,15652.369999999995,19,82200.0,1577452.37,BUY,4825.0
2021-02-23,15652.369999999995,19,82000.0,1573652.37,BUY,4285.0
2021-02-24,15652.369999999995,19,82000.0,1573652.37,BUY,3806.6666666666715
2021-02-25,15652.369999999995,19,85300.0,1636352.37,BUY,3180.0
2021-02-26,15652.369999999995,19,82500.0,1583152.37,BUY,2821.6666666666715
2021-03-02,15652.369999999995,19,83600.0,1604052.37,BUY,2428.3333333333285
2021-03-03,15652.369999999995,19,84000.0,1611652.37,BUY,2141.6666666666715
2021-03-04,15652.369999999995,19,82400.0,1581252.37,BUY,1971.6666666666715
2021-03-05,15652.369999999995,19,82100.0,1575552.37,BUY,1726.6666666666715
2021-03-08,15652.369999999995,19,82000.0,1573652.37,BUY,1405.0
2021-03-09,15652.369999999995,19,81400.0,1562252.37,BUY,1100.0
2021-03-10,15652.369999999995,19,80900.0,1552752.37,BUY,903.3333333333285
2021-03-11,15652.369999999995,19,82000.0,1573652.37,BUY,620.0
2021-03-12,15652.369999999995,19,82800.0,1588852.37,BUY,435.0
2021-03-15,15652.369999999995,19,81800.0,1569852.37,BUY,275.0
2021-03-16,15652.369999999995,19,82800.0,1588852.37,BUY,145.0
2021-03-17,1588616.3900000001,0,82300.0,1588616.3900000001,SELL,-75.0
2021-03-18,1588616.3900000001,0,82900.0,1588616.3900000001,SELL,-346.6666666666715
2021-03-19,1588616.3900000001,0,81900.0,1588616.3900000001,SELL,-513.3333333333285
2021-03-22,1588616.3900000001,0,82000.0,1588616.3900000001,SELL,-666.6666666666715
2021-03-23,1588616.3900000001,0,81800.0,1588616.3900000001,SELL,-846.6666666666715
2021-03-24,1588616.3900000001,0,81000.0,1588616.3900000001,SELL,-1013.3333333333285
2021-03-25,1588616.3900000001,0,81200.0,1588616.3900000001,SELL,-1208.3333333333285
2021-03-26,1588616.3900000001,0,81500.0,1588616.3900000001,SELL,-1370.0
2021-03-29,1588616.3900000001,0,81600.0,1588616.3900000001,SELL,-1621.6666666666715
2021-03-30,1588616.3900000001,0,82200.0,1588616.3900000001,SELL,-1715.0
2021-03-31,1588616.3900000001,0,81400.0,1588616.3900000001,SELL,-1850.0
2021-04-01,1588616.3900000001,0,82900.0,1588616.3900000001,SELL,-1986.6666666666715
2021-04-02,1588616.3900000001,0,84800.0,1588616.3900000001,SELL,-1960.0
2021-04-05,1588616.3900000001,0,85400.0,1588616.3900000001,SELL,-1840.0
2021-04-06,1588616.3900000001,0,86000.0,1588616.3900000001,SELL,-1723.3333333333285
2021-04-07,1588616.3900000001,0,85600.0,1588616.3900000001,SELL,-1545.0
2021-04-08,1588616.3900000001,0,84700.0,1588616.3900000001,SELL,-1256.6666666666715
2021-04-09,1588616.3900000001,0,83600.0,1588616.3900000001,SELL,-1016.6666666666715
2021-04-12,1588616.3900000001,0,83200.0,1588616.3900000001,SELL,-860.0
2021-04-13,1588616.3900000001,0,84000.0,1588616.3900000001,SELL,-681.6666666666715
2021-04-14,1588616.3900000001,0,84000.0,1588616.3900000001,SELL,-526.6666666666715
2021-04-15,1588616.3900000001,0,84100.0,1588616.3900000001,SELL,-375.0
2021-04-16,1588616.3900000001,0,83900.0,1588616.3900000001,SELL,-300.0
2021-04-19,1588616.3900000001,0,83300.0,1588616.3900000001,SELL,-148.33333333332848
2021-04-20,1588616.3900000001,0,83900.0,1588616.3900000001,SELL,-18.333333333328483
2021-04-21,5678.985000000102,19,82600.0,1575078.985,BUY,156.66666666667152
2021-04-22,5678.985000000102,19,82400.0,1571278.985,BUY,306.6666666666715
2021-04-23,5678.985000000102,19,82800.0,1578878.985,BUY,483.3333333333285
2021-04-26,5678.985000000102,19,83500.0,1592178.985,BUY,613.3333333333285
2021-04-27,5678.985000000102,19,82900.0,1580778.985,BUY,743.3333333333285
2021-04-28,5678.985000000102,19,82100.0,1565578.985,BUY,791.6666666666715
2021-04-29,5678.985000000102,19,81700.0,1557978.985,BUY,825.0
2021-04-30,5678.985000000102,19,81500.0,1554178.985,BUY,786.6666666666715
2021-05-03,5678.985000000102,19,81700.0,1557978.985,BUY,670.0
2021-05-04,5678.985000000102,19,82600.0,1575078.985,BUY,533.3333333333285
2021-05-06,5678.985000000102,19,82300.0,1569378.985,BUY,361.6666666666715
2021-05-07,5678.985000000102,19,81900.0,1561778.985,BUY,216.66666666667152
2021-05-10,5678.985000000102,19,83200.0,1586478.985,BUY,95.0
2021-05-11,5678.985000000102,19,81200.0,1548478.985,BUY,66.66666666667152
2021-05-12,1540648.705,0,80000.0,1540648.705,SELL,-26.666666666671517
2021-05-13,1540648.705,0,78500.0,1540648.705,SELL,-156.66666666667152
2021-05-14,1540648.705,0,80100.0,1540648.705,SELL,-325.0
2021-05-17,1540648.705,0,79600.0,1540648.705,SELL,-473.3333333333285
2021-05-18,1540648.705,0,79600.0,1540648.705,SELL,-646.6666666666715
2021-05-20,1540648.705,0,79500.0,1540648.705,SELL,-781.6666666666715
2021-05-21,1540648.705,0,80100.0,1540648.705,SELL,-956.6666666666715
2021-05-24,1540648.705,0,79700.0,1540648.705,SELL,-1050.0
2021-05-25,1540648.705,0,79900.0,1540648.705,SELL,-1146.6666666666715
2021-05-26,1540648.705,0,79800.0,1540648.705,SELL,-1201.6666666666715
2021-05-27,1540648.705,0,79600.0,1540648.705,SELL,-1341.6666666666715
2021-05-28,1540648.705,0,80100.0,1540648.705,SELL,-1440.0
2021-05-31,1540648.705,0,80500.0,1540648.705,SELL,-1475.0
2021-06-01,1540648.705,0,80600.0,1540648.705,SELL,-1503.3333333333285
2021-06-02,1540648.705,0,80800.0,1540648.705,SELL,-1523.3333333333285
2021-06-03,1540648.705,0,82800.0,1540648.705,SELL,-1548.3333333333285
2021-06-04,1540648.705,0,82200.0,1540648.705,SELL,-1561.6666666666715
2021-06-07,1540648.705,0,81900.0,1540648.705,SELL,-1588.3333333333285
2021-06-08,1540648.705,0,81900.0,1540648.705,SELL,-1586.6666666666715
2021-06-09,1540648.705,0,81100.0,1540648.705,SELL,-1636.6666666666715
2021-06-10,1540648.705,0,81000.0,1540648.705,SELL,-1630.0
2021-06-11,1540648.705,0,81000.0,1540648.705,SELL,-1550.0
2021-06-14,1540648.705,0,80500.0,1540648.705,SELL,-1403.3333333333285
2021-06-15,1540648.705,0,80900.0,1540648.705,SELL,-1343.3333333333285
2021-06-16,1540648.705,0,81800.0,1540648.705,SELL,-1261.6666666666715
2021-06-17,1540648.705,0,80900.0,1540648.705,SELL,-1148.3333333333285
2021-06-18,1540648.705,0,80500.0,1540648.705,SELL,-1063.3333333333285
2021-06-21,1540648.705,0,79900.0,1540648.705,SELL,-1035.0
2021-06-22,1540648.705,0,80000.0,1540648.705,SELL,-1003.3333333333285
2021-06-23,1540648.705,0,80100.0,1540648.705,SELL,-973.3333333333285
2021-06-24,1540648.705,0,81200.0,1540648.705,SELL,-933.3333333333285
2021-06-25,1540648.705,0,81600.0,1540648.705,SELL,-836.6666666666715
2021-06-28,1540648.705,0,81900.0,1540648.705,SELL,-765.0
2021-06-29,1540648.705,0,81000.0,1540648.705,SELL,-678.3333333333285
2021-06-30,1540648.705,0,80700.0,1540648.705,SELL,-595.0
2021-07-01,1540648.705,0,80100.0,1540648.705,SELL,-521.6666666666715
2021-07-02,1540648.705,0,80000.0,1540648.705,SELL,-558.3333333333285
2021-07-05,1540648.705,0,80400.0,1540648.705,SELL,-575.0
2021-07-06,1540648.705,0,81200.0,1540648.705,SELL,-578.3333333333285
2021-07-07,1540648.705,0,80800.0,1540648.705,SELL,-573.3333333333285
2021-07-08,1540648.705,0,79900.0,1540648.705,SELL,-548.3333333333285
2021-07-09,1540648.705,0,79400.0,1540648.705,SELL,-535.0
2021-07-12,1540648.705,0,79700.0,1540648.705,SELL,-538.3333333333285
2021-07-13,1540648.705,0,79800.0,1540648.705,SELL,-505.0
2021-07-14,1540648.705,0,79500.0,1540648.705,SELL,-491.6666666666715
2021-07-15,1540648.705,0,80600.0,1540648.705,SELL,-543.3333333333285
2021-07-16,1540648.705,0,79800.0,1540648.705,SELL,-503.3333333333285
2021-07-19,1540648.705,0,79000.0,1540648.705,SELL,-491.6666666666715
2021-07-20,1540648.705,0,79000.0,1540648.705,SELL,-480.0
2021-07-21,1540648.705,0,78500.0,1540648.705,SELL,-466.6666666666715
2021-07-22,1540648.705,0,79700.0,1540648.705,SELL,-463.3333333333285
2021-07-23,1540648.705,0,79300.0,1540648.705,SELL,-485.0
2021-07-26,1540648.705,0,78800.0,1540648.705,SELL,-553.3333333333285
2021-07-27,1540648.705,0,78500.0,1540648.705,SELL,-660.0
2021-07-28,1540648.705,0,79200.0,1540648.705,SELL,-735.0
2021-07-29,1540648.705,0,79000.0,1540648.705,SELL,-768.3333333333285
2021-07-30,1540648.705,0,78500.0,1540648.705,SELL,-763.3333333333285
2021-08-02,1540648.705,0,79300.0,1540648.705,SELL,-775.0
2021-08-03,1540648.705,0,81400.0,1540648.705,SELL,-786.6666666666715
2021-08-04,1540648.705,0,82900.0,1540648.705,SELL,-746.6666666666715
2021-08-05,1540648.705,0,82100.0,1540648.705,SELL,-670.0
2021-08-06,1540648.705,0,81500.0,1540648.705,SELL,-595.0
2021-08-09,1540648.705,0,81500.0,1540648.705,SELL,-540.0
2021-08-10,1540648.705,0,80200.0,1540648.705,SELL,-473.3333333333285
2021-08-11,1540648.705,0,78500.0,1540648.705,SELL,-463.3333333333285
2021-08-12,1540648.705,0,77000.0,1540648.705,SELL,-495.0
2021-08-13,1540648.705,0,74400.0,1540648.705,SELL,-633.3333333333285
2021-08-17,1540648.705,0,74200.0,1540648.705,SELL,-808.3333333333285
2021-08-18,1540648.705,0,73900.0,1540648.705,SELL,-956.6666666666715
2021-08-19,1540648.705,0,73100.0,1540648.705,SELL,-1111.6666666666715
2021-08-20,1540648.705,0,72700.0,1540648.705,SELL,-1270.0
2021-08-23,1540648.705,0,73300.0,1540648.705,SELL,-1505.0
2021-08-24,1540648.705,0,75600.0,1540648.705,SELL,-1691.6666666666715
2021-08-25,1540648.705,0,75700.0,1540648.705,SELL,-1770.0
2021-08-26,1540648.705,0,74600.0,1540648.705,SELL,-1828.3333333333285
2021-08-27,1540648.705,0,74300.0,1540648.705,SELL,-1955.0
2021-08-30,1540648.705,0,74600.0,1540648.705,SELL,-2048.3333333333285
2021-08-31,1540648.705,0,76700.0,1540648.705,SELL,-2116.6666666666715
2021-09-01,1540648.705,0,76800.0,1540648.705,SELL,-2160.0
2021-09-02,1540648.705,0,76000.0,1540648.705,SELL,-2305.0
2021-09-03,1540648.705,0,76600.0,1540648.705,SELL,-2565.0
2021-09-06,1540648.705,0,77300.0,1540648.705,SELL,-2766.6666666666715
2021-09-07,1540648.705,0,76100.0,1540648.705,SELL,-2915.0
2021-09-08,1540648.705,0,76300.0,1540648.705,SELL,-3111.6666666666715
2021-09-09,1540648.705,0,75300.0,1540648.705,SELL,-3230.0
2021-09-10,1540648.705,0,75300.0,1540648.705,SELL,-3281.6666666666715
2021-09-13,1540648.705,0,76300.0,1540648.705,SELL,-3273.3333333333285
2021-09-14,1540648.705,0,76600.0,1540648.705,SELL,-3108.3333333333285
2021-09-15,1540648.705,0,77000.0,1540648.705,SELL,-2933.3333333333285
2021-09-16,1540648.705,0,76100.0,1540648.705,SELL,-2728.3333333333285
2021-09-17,1540648.705,0,77200.0,1540648.705,SELL,-2511.6666666666715
2021-09-23,1540648.705,0,77400.0,1540648.705,SELL,-2220.0
2021-09-24,1540648.705,0,77300.0,1540648.705,SELL,-1945.0
2021-09-27,1540648.705,0,77700.0,1540648.705,SELL,-1783.3333333333285
2021-09-28,1540648.705,0,76300.0,1540648.705,SELL,-1628.3333333333285
2021-09-29,1540648.705,0,74100.0,1540648.705,SELL,-1470.0
2021-09-30,1540648.705,0,74100.0,1540648.705,SELL,-1380.0
2021-10-01,1540648.705,0,73200.0,1540648.705,SELL,-1306.6666666666715
2021-10-05,1540648.705,0,72200.0,1540648.705,SELL,-1361.6666666666715
2021-10-06,1540648.705,0,71300.0,1540648.705,SELL,-1441.6666666666715
2021-10-07,1540648.705,0,71600.0,1540648.705,SELL,-1518.3333333333285
2021-10-08,1540648.705,0,71500.0,1540648.705,SELL,-1630.0
2021-10-12,1540648.705,0,69000.0,1540648.705,SELL,-1788.3333333333285
2021-10-13,1540648.705,0,68800.0,1540648.705,SELL,-1965.0
2021-10-14,1540648.705,0,69400.0,1540648.705,SELL,-2156.6666666666715
2021-10-15,1540648.705,0,70100.0,1540648.705,SELL,-2283.3333333333285
2021-10-18,1540648.705,0,70200.0,1540648.705,SELL,-2368.3333333333285
2021-10-19,1540648.705,0,70600.0,1540648.705,SELL,-2513.3333333333285
2021-10-20,1540648.705,0,70300.0,1540648.705,SELL,-2673.3333333333285
2021-10-21,1540648.705,0,70200.0,1540648.705,SELL,-2863.3333333333285
2021-10-22,1540648.705,0,70400.0,1540648.705,SELL,-3020.0
2021-10-25,1540648.705,0,70200.0,1540648.705,SELL,-3205.0
2021-10-26,1540648.705,0,71100.0,1540648.705,SELL,-3413.3333333333285
2021-10-27,1540648.705,0,70100.0,1540648.705,SELL,-3595.0
2021-10-28,1540648.705,0,70700.0,1540648.705,SELL,-3835.0
2021-10-29,1540648.705,0,69800.0,1540648.705,SELL,-3973.3333333333285
2021-11-01,1540648.705,0,69900.0,1540648.705,SELL,-4035.0
2021-11-02,1540648.705,0,71500.0,1540648.705,SELL,-4101.6666666666715
2021-11-03,1540648.705,0,70400.0,1540648.705,SELL,-4056.6666666666715
2021-11-04,1540648.705,0,70600.0,1540648.705,SELL,-3963.3333333333285
2021-11-05,1540648.705,0,70200.0,1540648.705,SELL,-3793.3333333333285
2021-11-08,1540648.705,0,70600.0,1540648.705,SELL,-3665.0
2021-11-09,1540648.705,0,70500.0,1540648.705,SELL,-3528.3333333333285
2021-11-10,1540648.705,0,70200.0,1540648.705,SELL,-3270.0
2021-11-11,1540648.705,0,69900.0,1540648.705,SELL,-3033.3333333333285
2021-11-12,1540648.705,0,70600.0,1540648.705,SELL,-2865.0
2021-11-15,1540648.705,0,71400.0,1540648.705,SELL,-2733.3333333333285
2021-11-16,1540648.705,0,71300.0,1540648.705,SELL,-2623.3333333333285
2021-11-17,1540648.705,0,70700.0,1540648.705,SELL,-2540.0
2021-11-18,1540648.705,0,70200.0,1540648.705,SELL,-2466.6666666666715
2021-11-19,1540648.705,0,71200.0,1540648.705,SELL,-2418.3333333333285
2021-11-22,1540648.705,0,74900.0,1540648.705,SELL,-2353.3333333333285
2021-11-23,1540648.705,0,75300.0,1540648.705,SELL,-2145.0
2021-11-24,1540648.705,0,74800.0,1540648.705,SELL,-1930.0
2021-11-25,1540648.705,0,73700.0,1540648.705,SELL,-1680.0
2021-11-26,1540648.705,0,72300.0,1540648.705,SELL,-1515.0
2021-11-29,1540648.705,0,72300.0,1540648.705,SELL,-1356.6666666666715
2021-11-30,1540648.705,0,71300.0,1540648.705,SELL,-1198.3333333333285
2021-12-01,1540648.705,0,74400.0,1540648.705,SELL,-1118.3333333333285
2021-12-02,1540648.705,0,75800.0,1540648.705,SELL,-878.3333333333285
2021-12-03,1540648.705,0,75600.0,1540648.705,SELL,-615.0
2021-12-06,1540648.705,0,76300.0,1540648.705,SELL,-328.3333333333285
2021-12-07,1540648.705,0,77400.0,1540648.705,SELL,-26.666666666671517
2021-12-08,52725.55000000005,19,77400.0,1523325.55,BUY,296.6666666666715
2021-12-09,52725.55000000005,19,78200.0,1538525.55,BUY,638.3333333333285
2021-12-10,52725.55000000005,19,76900.0,1513825.55,BUY,1005.0
2021-12-13,52725.55000000005,19,76800.0,1511925.55,BUY,1293.3333333333285
2021-12-14,52725.55000000005,19,77000.0,1515725.55,BUY,1555.0
2021-12-15,52725.55000000005,19,77600.0,1527125.55,BUY,1833.3333333333285
2021-12-16,52725.55000000005,19,77800.0,1530925.55,BUY,2168.3333333333285
2021-12-17,52725.55000000005,19,78000.0,1534725.55,BUY,2520.0
2021-12-20,52725.55000000005,19,77100.0,1517625.55,BUY,2846.6666666666715
2021-12-21,52725.55000000005,19,78100.0,1536625.55,BUY,2961.6666666666715
2021-12-22,52725.55000000005,19,79400.0,1561325.55,BUY,3088.3333333333285
2021-12-23,52725.55000000005,19,79900.0,1570825.55,BUY,3290.0
2021-12-24,52725.55000000005,19,80500.0,1582225.55,BUY,3540.0
2021-12-27,52725.55000000005,19,80200.0,1576525.55,BUY,3843.3333333333285
2021-12-28,52725.55000000005,19,80300.0,1578425.55,BUY,4136.6666666666715
2021-12-29,52725.55000000005,19,78800.0,1549925.55,BUY,4468.3333333333285
2021-12-30,52725.55000000005,19,78300.0,1540425.55,BUY,4578.3333333333285
2022-01-04,52725.55000000005,19,78700.0,1548025.55,BUY,4586.6666666666715
2022-01-05,52725.55000000005,19,77400.0,1523325.55,BUY,4623.3333333333285
2022-01-06,52725.55000000005,19,76900.0,1513825.55,BUY,4580.0
2022-01-07,52725.55000000005,19,78300.0,1540425.55,BUY,4423.3333333333285
2022-01-10,52725.55000000005,19,78000.0,1534725.55,BUY,4310.0
2022-01-11,52725.55000000005,19,78900.0,1551825.55,BUY,4156.6666666666715
2022-01-12,52725.55000000005,19,78900.0,1551825.55,BUY,4110.0
2022-01-13,52725.55000000005,19,77900.0,1532825.55,BUY,4070.0
2022-01-14,52725.55000000005,19,77300.0,1521425.55,BUY,3993.3333333333285
2022-01-17,52725.55000000005,19,77500.0,1525225.55,BUY,3861.6666666666715
2022-01-18,52725.55000000005,19,77000.0,1515725.55,BUY,3725.0
2022-01-19,52725.55000000005,19,76300.0,1502425.55,BUY,3565.0
2022-01-20,52725.55000000005,19,76500.0,1506225.55,BUY,3423.3333333333285
2022-01-21,52725.55000000005,19,75600.0,1489125.55,BUY,3253.3333333333285
2022-01-24,52725.55000000005,19,75100.0,1479625.55,BUY,2971.6666666666715
2022-01-25,52725.55000000005,19,74000.0,1458725.55,BUY,2658.3333333333285
2022-01-26,52725.55000000005,19,74000.0,1458725.55,BUY,2263.3333333333285
2022-01-27,52725.55000000005,19,71300.0,1407425.55,BUY,1885.0
2022-01-28,52725.55000000005,19,73300.0,1445425.55,BUY,1438.3333333333285
2022-02-03,52725.55000000005,19,73300.0,1445425.55,BUY,1115.0
2022-02-04,52725.55000000005,19,74000.0,1458725.55,BUY,820.0
2022-02-07,52725.55000000005,19,73000.0,1439725.55,BUY,521.6666666666715
2022-02-08,52725.55000000005,19,73000.0,1439725.55,BUY,261.6666666666715
2022-02-09,52725.55000000005,19,73000.0,1439725.55,BUY,25.0
2022-02-10,1488910.09,0,75400.0,1488910.09,SELL,-286.6666666666715
2022-02-11,1488910.09,0,74900.0,1488910.09,SELL,-508.3333333333285
2022-02-14,1488910.09,0,73700.0,1488910.09,SELL,-780.0
2022-02-15,1488910.09,0,73700.0,1488910.09,SELL,-1078.3333333333285
2022-02-16,1488910.09,0,74800.0,1488910.09,SELL,-1328.3333333333285
2022-02-17,1488910.09,0,75000.0,1488910.09,SELL,-1521.6666666666715
2022-02-18,1488910.09,0,74300.0,1488910.09,SELL,-1726.6666666666715
2022-02-21,1488910.09,0,74300.0,1488910.09,SELL,-1913.3333333333285
2022-02-22,1488910.09,0,74300.0,1488910.09,SELL,-2003.3333333333285
2022-02-23,1488910.09,0,74300.0,1488910.09,SELL,-2096.6666666666715
2022-02-24,1488910.09,0,71500.0,1488910.09,SELL,-2153.3333333333285
2022-02-25,1488910.09,0,71900.0,1488910.09,SELL,-2296.6666666666715
2022-02-28,1488910.09,0,71900.0,1488910.09,SELL,-2395.0
2022-03-02,1488910.09,0,71700.0,1488910.09,SELL,-2493.3333333333285
2022-03-03,1488910.09,0,72900.0,1488910.09,SELL,-2480.0
2022-03-04,1488910.09,0,72900.0,1488910.09,SELL,-2475.0
2022-03-07,1488910.09,0,70100.0,1488910.09,SELL,-2446.6666666666715
2022-03-08,1488910.09,0,69500.0,1488910.09,SELL,-2550.0
2022-03-10,1488910.09,0,69500.0,1488910.09,SELL,-2611.6666666666715
2022-03-11,1488910.09,0,70000.0,1488910.09,SELL,-2655.0
2022-03-14,1488910.09,0,70200.0,1488910.09,SELL,-2681.6666666666715
2022-03-15,1488910.09,0,70200.0,1488910.09,SELL,-2808.3333333333285
2022-03-16,1488910.09,0,70400.0,1488910.09,SELL,-2931.6666666666715
2022-03-17,1488910.09,0,70400.0,1488910.09,SELL,-2990.0
2022-03-18,1488910.09,0,70700.0,1488910.09,SELL,-3045.0
2022-03-21,1488910.09,0,69900.0,1488910.09,SELL,-3135.0
2022-03-22,1488910.09,0,70300.0,1488910.09,SELL,-3258.3333333333285
2022-03-23,1488910.09,0,70500.0,1488910.09,SELL,-3330.0
2022-03-24,1488910.09,0,69800.0,1488910.09,SELL,-3410.0
2022-03-25,1488910.09,0,69800.0,1488910.09,SELL,-3496.6666666666715
2022-03-28,1488910.09,0,69700.0,1488910.09,SELL,-3561.6666666666715
2022-03-29,1488910.09,0,70200.0,1488910.09,SELL,-3481.6666666666715
2022-03-30,1488910.09,0,69900.0,1488910.09,SELL,-3395.0
2022-03-31,1488910.09,0,69600.0,1488910.09,SELL,-3323.3333333333285
2022-04-01,1488910.09,0,69100.0,1488910.09,SELL,-3250.0
2022-04-04,1488910.09,0,69300.0,1488910.09,SELL,-3278.3333333333285
2022-04-05,1488910.09,0,69200.0,1488910.09,SELL,-3308.3333333333285
2022-04-06,1488910.09,0,68500.0,1488910.09,SELL,-3195.0
2022-04-07,1488910.09,0,68000.0,1488910.09,SELL,-3096.6666666666715
2022-04-08,1488910.09,0,67800.0,1488910.09,SELL,-3023.3333333333285
2022-04-11,1488910.09,0,67900.0,1488910.09,SELL,-2958.3333333333285
2022-04-12,1488910.09,0,67000.0,1488910.09,SELL,-2905.0
2022-04-13,1488910.09,0,68700.0,1488910.09,SELL,-2866.6666666666715
2022-04-14,1488910.09,0,67500.0,1488910.09,SELL,-2781.6666666666715
2022-04-15,1488910.09,0,66600.0,1488910.09,SELL,-2753.3333333333285
2022-04-18,1488910.09,0,66700.0,1488910.09,SELL,-2780.0
2022-04-19,1488910.09,0,67300.0,1488910.09,SELL,-2760.0
2022-04-20,1488910.09,0,67400.0,1488910.09,SELL,-2748.3333333333285
2022-04-21,1488910.09,0,67700.0,1488910.09,SELL,-2755.0
2022-04-22,1488910.09,0,67000.0,1488910.09,SELL,-2713.3333333333285
2022-04-25,1488910.09,0,66300.0,1488910.09,SELL,-2710.0
2022-04-26,1488910.09,0,66100.0,1488910.09,SELL,-2733.3333333333285
2022-04-27,1488910.09,0,65000.0,1488910.09,SELL,-2806.6666666666715
2022-04-28,1488910.09,0,64800.0,1488910.09,SELL,-2901.6666666666715
2022-04-29,1488910.09,0,67400.0,1488910.09,SELL,-3033.3333333333285
2022-05-02,1488910.09,0,67300.0,1488910.09,SELL,-3020.0
2022-05-03,1488910.09,0,67500.0,1488910.09,SELL,-3020.0
2022-05-04,1488910.09,0,67900.0,1488910.09,SELL,-2996.6666666666715
2022-05-06,1488910.09,0,66500.0,1488910.09,SELL,-2941.6666666666715
2022-05-10,1488910.09,0,65700.0,1488910.09,SELL,-2908.3333333333285
2022-05-11,1488910.09,0,65700.0,1488910.09,SELL,-2891.6666666666715
2022-05-12,1488910.09,0,64900.0,1488910.09,SELL,-2840.0
2022-05-13,1488910.09,0,66500.0,1488910.09,SELL,-2778.3333333333285
2022-05-16,1488910.09,0,66300.0,1488910.09,SELL,-2768.3333333333285
2022-05-17,1488910.09,0,67600.0,1488910.09,SELL,-2705.0
2022-05-18,1488910.09,0,68100.0,1488910.09,SELL,-2535.0
2022-05-19,1488910.09,0,67500.0,1488910.09,SELL,-2350.0
2022-05-20,1488910.09,0,68000.0,1488910.09,SELL,-2226.6666666666715
2022-05-23,1488910.09,0,67900.0,1488910.09,SELL,-2091.6666666666715
2022-05-24,1488910.09,0,66500.0,1488910.09,SELL,-1975.0
2022-05-25,1488910.09,0,66400.0,1488910.09,SELL,-1870.0
2022-05-26,1488910.09,0,65900.0,1488910.09,SELL,-1780.0
2022-05-27,1488910.09,0,66500.0,1488910.09,SELL,-1690.0
2022-05-30,1488910.09,0,67700.0,1488910.09,SELL,-1525.0
2022-05-31,1488910.09,0,67400.0,1488910.09,SELL,-1313.3333333333285
2022-06-02,1488910.09,0,66700.0,1488910.09,SELL,-1221.6666666666715
2022-06-03,1488910.09,0,66800.0,1488910.09,SELL,-1148.3333333333285
2022-06-07,1488910.09,0,65500.0,1488910.09,SELL,-1128.3333333333285
2022-06-08,1488910.09,0,65300.0,1488910.09,SELL,-1181.6666666666715
2022-06-09,1488910.09,0,65200.0,1488910.09,SELL,-1171.6666666666715
2022-06-10,1488910.09,0,63800.0,1488910.09,SELL,-1116.6666666666715
2022-06-13,1488910.09,0,62100.0,1488910.09,SELL,-1105.0
2022-06-14,1488910.09,0,61900.0,1488910.09,SELL,-1110.0
2022-06-15,1488910.09,0,60700.0,1488910.09,SELL,-1198.3333333333285
2022-06-16,1488910.09,0,60900.0,1488910.09,SELL,-1316.6666666666715
2022-06-17,1488910.09,0,59800.0,1488910.09,SELL,-1488.3333333333285
2022-06-20,1488910.09,0,58700.0,1488910.09,SELL,-1735.0
2022-06-21,1488910.09,0,58500.0,1488910.09,SELL,-1981.6666666666715
2022-06-22,1488910.09,0,57600.0,1488910.09,SELL,-2256.6666666666715
2022-06-23,1488910.09,0,57400.0,1488910.09,SELL,-2568.3333333333285
2022-06-24,1488910.09,0,58400.0,1488910.09,SELL,-2816.6666666666715
2022-06-27,1488910.09,0,58800.0,1488910.09,SELL,-3028.3333333333285
2022-06-28,1488910.09,0,59400.0,1488910.09,SELL,-3193.3333333333285
2022-06-29,1488910.09,0,58000.0,1488910.09,SELL,-3373.3333333333358
2022-06-30,1488910.09,0,57000.0,1488910.09,SELL,-3665.0
2022-07-01,1488910.09,0,56200.0,1488910.09,SELL,-3983.3333333333358
2022-07-04,1488910.09,0,57100.0,1488910.09,SELL,-4290.0
2022-07-05,1488910.09,0,57200.0,1488910.09,SELL,-4573.333333333336
2022-07-06,1488910.09,0,56400.0,1488910.09,SELL,-4800.0
2022-07-07,1488910.09,0,58200.0,1488910.09,SELL,-5051.666666666664
2022-07-08,1488910.09,0,58700.0,1488910.09,SELL,-5241.666666666664
2022-07-11,1488910.09,0,58800.0,1488910.09,SELL,-5343.333333333336
2022-07-12,1488910.09,0,58100.0,1488910.09,SELL,-5371.666666666664
2022-07-13,1488910.09,0,58000.0,1488910.09,SELL,-5385.0
2022-07-14,1488910.09,0,57500.0,1488910.09,SELL,-5361.666666666664
2022-07-15,1488910.09,0,60000.0,1488910.09,SELL,-5380.0
2022-07-18,1488910.09,0,61900.0,1488910.09,SELL,-5258.333333333336
2022-07-19,1488910.09,0,60900.0,1488910.09,SELL,-5008.333333333336
2022-07-20,1488910.09,0,60500.0,1488910.09,SELL,-4780.0
2022-07-21,1488910.09,0,61800.0,1488910.09,SELL,-4515.0
2022-07-22,1488910.09,0,61300.0,1488910.09,SELL,-4208.333333333336
2022-07-25,1488910.09,0,61100.0,1488910.09,SELL,-3980.0
2022-07-26,1488910.09,0,61700.0,1488910.09,SELL,-3781.6666666666642
2022-07-27,1488910.09,0,61800.0,1488910.09,SELL,-3611.6666666666642
2022-07-28,1488910.09,0,61900.0,1488910.09,SELL,-3371.6666666666642
2022-07-29,1488910.09,0,61400.0,1488910.09,SELL,-3035.0
2022-08-01,1488910.09,0,61300.0,1488910.09,SELL,-2676.6666666666642
2022-08-02,1488910.09,0,61700.0,1488910.09,SELL,-2363.3333333333358
2022-08-03,1488910.09,0,61300.0,1488910.09,SELL,-2035.0
2022-08-04,1488910.09,0,61500.0,1488910.09,SELL,-1703.3333333333358
2022-08-05,1488910.09,0,61500.0,1488910.09,SELL,-1468.3333333333358
2022-08-08,1488910.09,0,60800.0,1488910.09,SELL,-1258.3333333333358
2022-08-09,1488910.09,0,60000.0,1488910.09,SELL,-1090.0
2022-08-10,1488910.09,0,59100.0,1488910.09,SELL,-886.6666666666642
2022-08-11,1488910.09,0,59900.0,1488910.09,SELL,-711.6666666666642
2022-08-12,1488910.09,0,60200.0,1488910.09,SELL,-463.33333333333576
2022-08-16,1488910.09,0,61000.0,1488910.09,SELL,-321.66666666666424
2022-08-17,1488910.09,0,60400.0,1488910.09,SELL,-258.33333333333576
2022-08-18,1488910.09,0,61500.0,1488910.09,SELL,-156.66666666666424
2022-08-19,1488910.09,0,60900.0,1488910.09,HOLD,0.0
2022-08-22,41493.01000000001,24,60000.0,1481493.01,BUY,48.33333333333576
2022-08-23,41493.01000000001,24,59100.0,1459893.01,BUY,90.0
2022-08-24,41493.01000000001,24,59000.0,1457493.01,BUY,103.33333333333576
2022-08-25,41493.01000000001,24,59700.0,1474293.01,BUY,93.33333333333576
2022-08-26,41493.01000000001,24,60000.0,1481493.01,BUY,121.66666666666424
2022-08-29,41493.01000000001,24,58600.0,1447893.01,BUY,150.0
2022-08-30,41493.01000000001,24,58800.0,1452693.01,BUY,145.0
2022-08-31,41493.01000000001,24,59700.0,1474293.01,BUY,153.33333333333576
2022-09-01,41493.01000000001,24,58400.0,1443093.01,BUY,150.0
2022-09-02,41493.01000000001,24,57500.0,1421493.01,BUY,120.0
2022-09-05,41493.01000000001,24,57100.0,1411893.01,BUY,48.33333333333576
2022-09-06,1414087.09,0,57100.0,1414087.09,SELL,-60.0
2022-09-07,1414087.09,0,56000.0,1414087.09,SELL,-161.66666666666424
2022-09-08,1414087.09,0,55600.0,1414087.09,SELL,-263.33333333333576
2022-09-13,1414087.09,0,58100.0,1414087.09,SELL,-353.33333333333576
2022-09-14,1414087.09,0,56800.0,1414087.09,SELL,-396.66666666666424
2022-09-15,1414087.09,0,56000.0,1414087.09,SELL,-516.6666666666642
2022-09-16,1414087.09,0,56200.0,1414087.09,SELL,-721.6666666666642
2022-09-19,1414087.09,0,56400.0,1414087.09,SELL,-893.3333333333358
2022-09-20,1414087.09,0,55800.0,1414087.09,SELL,-1128.3333333333358
2022-09-21,1414087.09,0,55300.0,1414087.09,SELL,-1356.6666666666642
2022-09-22,1414087.09,0,54400.0,1414087.09,SELL,-1540.0
2022-09-23,1414087.09,0,54500.0,1414087.09,SELL,-1701.6666666666642
2022-09-26,1414087.09,0,53900.0,1414087.09,SELL,-1845.0
2022-09-27,1414087.09,0,54200.0,1414087.09,SELL,-2066.6666666666642
2022-09-28,1414087.09,0,52900.0,1414087.09,SELL,-2310.0
2022-09-29,1414087.09,0,52600.0,1414087.09,SELL,-2540.0
2022-09-30,1414087.09,0,53100.0,1414087.09,SELL,-2775.0
2022-10-04,1414087.09,0,55200.0,1414087.09,SELL,-3036.6666666666642
2022-10-05,1414087.09,0,56000.0,1414087.09,SELL,-3176.6666666666642
2022-10-06,1414087.09,0,56300.0,1414087.09,SELL,-3215.0
2022-10-07,1414087.09,0,56200.0,1414087.09,SELL,-3215.0
2022-10-11,1414087.09,0,55400.0,1414087.09,SELL,-3216.6666666666642
2022-10-12,1414087.09,0,55800.0,1414087.09,SELL,-3201.6666666666642
2022-10-13,1414087.09,0,55200.0,1414087.09,SELL,-3155.0
2022-10-14,1414087.09,0,56300.0,1414087.09,SELL,-3261.6666666666642
2022-10-17,1414087.09,0,56600.0,1414087.09,SELL,-3225.0
2022-10-18,1414087.09,0,56500.0,1414087.09,SELL,-3106.6666666666642
2022-10-19,1414087.09,0,55800.0,1414087.09,SELL,-3018.3333333333358
2022-10-20,1414087.09,0,55500.0,1414087.09,SELL,-2970.0
2022-10-21,1414087.09,0,55900.0,1414087.09,SELL,-2880.0
2022-10-24,1414087.09,0,57500.0,1414087.09,SELL,-2760.0
2022-10-25,1414087.09,0,57700.0,1414087.09,SELL,-2545.0
2022-10-26,1414087.09,0,59400.0,1414087.09,SELL,-2318.3333333333358
2022-10-27,1414087.09,0,59500.0,1414087.09,SELL,-2003.3333333333358
2022-10-28,1414087.09,0,57300.0,1414087.09,SELL,-1698.3333333333358
2022-10-31,1414087.09,0,59400.0,1414087.09,SELL,-1410.0
2022-11-01,1414087.09,0,60000.0,1414087.09,SELL,-1038.3333333333358
2022-11-02,1414087.09,0,59600.0,1414087.09,SELL,-665.0
2022-11-03,1414087.09,0,59200.0,1414087.09,SELL,-416.66666666666424
2022-11-04,1414087.09,0,59400.0,1414087.09,SELL,-218.33333333333576
2022-11-07,1414087.09,0,60200.0,1414087.09,SELL,-28.33333333333576
2022-11-08,22378.36499999999,23,61800.0,1443778.365,BUY,181.66666666666424
2022-11-09,22378.36499999999,23,62000.0,1448378.365,BUY,471.66666666666424
2022-11-10,22378.36499999999,23,60400.0,1411578.365,BUY,733.3333333333358
2022-11-11,22378.36499999999,23,62900.0,1469078.365,BUY,985.0
2022-11-14,22378.36499999999,23,61900.0,1446078.365,BUY,1270.0
2022-11-15,22378.36499999999,23,62400.0,1457578.365,BUY,1520.0
2022-11-16,22378.36499999999,23,62700.0,1464478.365,BUY,1781.6666666666642
2022-11-17,22378.36499999999,23,61400.0,1434578.365,BUY,2106.6666666666642
2022-11-18,22378.36499999999,23,61800.0,1443778.365,BUY,2393.3333333333358
2022-11-21,22378.36499999999,23,61400.0,1434578.365,BUY,2658.3333333333358
2022-11-22,22378.36499999999,23,60600.0,1416178.365,BUY,2815.0
2022-11-23,22378.36499999999,23,61000.0,1425378.365,BUY,2933.3333333333358
2022-11-24,22378.36499999999,23,61400.0,1434578.365,BUY,2991.6666666666642
2022-11-25,22378.36499999999,23,61000.0,1425378.365,BUY,3063.3333333333358
2022-11-28,22378.36499999999,23,60100.0,1404678.365,BUY,3208.3333333333358
2022-11-29,22378.36499999999,23,60600.0,1416178.365,BUY,3221.6666666666642
2022-11-30,22378.36499999999,23,62200.0,1452978.365,BUY,3236.6666666666642
2022-12-01,22378.36499999999,23,62600.0,1462178.365,BUY,3303.3333333333358
2022-12-02,22378.36499999999,23,60400.0,1411578.365,BUY,3388.3333333333358
2022-12-05,22378.36499999999,23,60300.0,1409278.365,BUY,3383.3333333333358
2022-12-06,22378.36499999999,23,59200.0,1383978.365,BUY,3335.0
2022-12-07,22378.36499999999,23,58900.0,1377078.365,BUY,3151.6666666666642
2022-12-08,22378.36499999999,23,59200.0,1383978.365,BUY,2941.6666666666642
2022-12-09,22378.36499999999,23,60400.0,1411578.365,BUY,2863.3333333333358
2022-12-12,22378.36499999999,23,59500.0,1390878.365,BUY,2678.3333333333358
2022-12-13,22378.36499999999,23,59700.0,1395478.365,BUY,2500.0
2022-12-14,22378.36499999999,23,60500.0,1413878.365,BUY,2306.6666666666642
2022-12-15,22378.36499999999,23,59300.0,1386278.365,BUY,2128.3333333333358
2022-12-16,22378.36499999999,23,59500.0,1390878.365,BUY,1965.0
2022-12-19,22378.36499999999,23,59500.0,1390878.365,BUY,1780.0
2022-12-20,22378.36499999999,23,58600.0,1370178.365,BUY,1600.0
2022-12-21,22378.36499999999,23,58000.0,1356378.365,BUY,1431.6666666666642
2022-12-22,22378.36499999999,23,59100.0,1381678.365,BUY,1213.3333333333358
2022-12-23,22378.36499999999,23,58100.0,1358678.365,BUY,1016.6666666666642
2022-12-26,22378.36499999999,23,57900.0,1354078.365,BUY,785.0
2022-12-27,22378.36499999999,23,58100.0,1358678.365,BUY,586.6666666666642
2022-12-28,22378.36499999999,23,56600.0,1324178.365,BUY,378.33333333333576
2022-12-29,22378.36499999999,23,55300.0,1294278.365,BUY,75.0
2023-01-02,1298686.89,0,55500.0,1298686.89,SELL,-278.33333333333576
2023-01-03,1298686.89,0,55400.0,1298686.89,SELL,-510.0
2023-01-04,1298686.89,0,57800.0,1298686.89,SELL,-741.6666666666642
2023-01-05,1298686.89,0,58200.0,1298686.89,SELL,-851.6666666666642
2023-01-06,1298686.89,0,59000.0,1298686.89,SELL,-926.6666666666642
2023-01-09,1298686.89,0,60700.0,1298686.89,SELL,-1000.0
2023-01-10,1298686.89,0,60400.0,1298686.89,SELL,-1058.3333333333358
2023-01-11,1298686.89,0,60500.0,1298686.89,SELL,-1076.6666666666642
2023-01-12,1298686.89,0,60500.0,1298686.89,SELL,-1103.3333333333358
2023-01-13,1298686.89,0,60800.0,1298686.89,SELL,-1181.6666666666642
2023-01-16,1298686.89,0,61100.0,1298686.89,SELL,-1195.0
2023-01-17,1298686.89,0,61000.0,1298686.89,SELL,-1201.6666666666642
2023-01-18,1298686.89,0,60400.0,1298686.89,SELL,-1185.0
2023-01-19,1298686.89,0,61500.0,1298686.89,SELL,-1140.0
2023-01-20,1298686.89,0,61800.0,1298686.89,SELL,-1000.0
2023-01-25,1298686.89,0,63300.0,1298686.89,SELL,-903.3333333333358
2023-01-26,1298686.89,0,63800.0,1298686.89,SELL,-743.3333333333358
2023-01-27,1298686.89,0,64600.0,1298686.89,SELL,-521.6666666666642
2023-01-30,1298686.89,0,63300.0,1298686.89,SELL,-273.33333333333576
2023-01-31,1298686.89,0,61400.0,1298686.89,HOLD,0.0
2023-02-01,46499.08999999985,20,61000.0,1266499.0899999999,BUY,268.33333333333576
2023-02-02,46499.08999999985,20,63500.0,1316499.0899999999,BUY,516.6666666666642
2023-02-03,46499.08999999985,20,63500.0,1316499.0899999999,BUY,866.6666666666642
2023-02-06,46499.08999999985,20,61600.0,1278499.0899999999,BUY,1123.3333333333358
2023-02-07,46499.08999999985,20,62000.0,1286499.0899999999,BUY,1300.0
2023-02-08,46499.08999999985,20,63100.0,1308499.0899999999,BUY,1423.3333333333358
2023-02-09,46499.08999999985,20,63300.0,1312499.0899999999,BUY,1540.0
2023-02-10,46499.08999999985,20,62900.0,1304499.0899999999,BUY,1661.6666666666642
2023-02-13,46499.08999999985,20,62900.0,1304499.0899999999,BUY,1773.3333333333358
2023-02-14,46499.08999999985,20,63200.0,1310499.0899999999,BUY,1890.0
2023-02-15,46499.08999999985,20,62200.0,1290499.0899999999,BUY,1980.0
2023-02-16,46499.08999999985,20,63700.0,1320499.0899999999,BUY,2028.3333333333358
2023-02-17,46499.08999999985,20,62600.0,1298499.0899999999,BUY,2125.0
2023-02-20,46499.08999999985,20,62700.0,1300499.0899999999,BUY,2201.6666666666642
2023-02-21,46499.08999999985,20,62100.0,1288499.0899999999,BUY,2233.3333333333358
2023-02-22,46499.08999999985,20,61100.0,1268499.0899999999,BUY,2236.6666666666642
2023-02-23,46499.08999999985,20,62000.0,1286499.0899999999,BUY,2125.0
2023-02-24,46499.08999999985,20,61300.0,1272499.0899999999,BUY,2003.3333333333358
2023-02-27,46499.08999999985,20,60500.0,1256499.0899999999,BUY,1826.6666666666642
2023-02-28,46499.08999999985,20,60600.0,1258499.0899999999,BUY,1715.0
2023-03-02,46499.08999999985,20,60800.0,1262499.0899999999,BUY,1708.3333333333358
2023-03-03,46499.08999999985,20,60500.0,1256499.0899999999,BUY,1691.6666666666642
2023-03-06,46499.08999999985,20,61500.0,1276499.0899999999,BUY,1538.3333333333358
2023-03-07,46499.08999999985,20,60700.0,1260499.0899999999,BUY,1400.0
2023-03-08,46499.08999999985,20,60300.0,1252499.0899999999,BUY,1325.0
2023-03-09,46499.08999999985,20,60100.0,1248499.0899999999,BUY,1221.6666666666642
2023-03-10,46499.08999999985,20,59500.0,1236499.0899999999,BUY,1076.6666666666642
2023-03-13,46499.08999999985,20,60000.0,1246499.0899999999,BUY,886.6666666666642
2023-03-14,46499.08999999985,20,59000.0,1226499.0899999999,BUY,736.6666666666642
2023-03-15,46499.08999999985,20,59800.0,1242499.0899999999,BUY,566.6666666666642
2023-03-16,46499.08999999985,20,59900.0,1244499.0899999999,BUY,388.33333333333576
2023-03-17,46499.08999999985,20,61300.0,1272499.0899999999,BUY,266.66666666666424
2023-03-20,46499.08999999985,20,60200.0,1250499.0899999999,BUY,116.66666666666424
2023-03-21,1256317.5899999999,0,60300.0,1256317.5899999999,SELL,-30.0
2023-03-22,1256317.5899999999,0,61100.0,1256317.5899999999,SELL,-188.33333333333576
2023-03-23,1256317.5899999999,0,62300.0,1256317.5899999999,SELL,-271.66666666666424
2023-03-24,1256317.5899999999,0,63000.0,1256317.5899999999,SELL,-281.66666666666424
2023-03-27,1256317.5899999999,0,62100.0,1256317.5899999999,SELL,-316.66666666666424
2023-03-28,1256317.5899999999,0,62900.0,1256317.5899999999,SELL,-343.33333333333576
2023-03-29,1256317.5899999999,0,62700.0,1256317.5899999999,SELL,-328.33333333333576
2023-03-30,1256317.5899999999,0,63200.0,1256317.5899999999,SELL,-346.66666666666424
2023-03-31,1256317.5899999999,0,64000.0,1256317.5899999999,SELL,-355.0
2023-04-03,1256317.5899999999,0,63100.0,1256317.5899999999,SELL,-323.33333333333576
2023-04-04,1256317.5899999999,0,63600.0,1256317.5899999999,SELL,-331.66666666666424
2023-04-05,1256317.5899999999,0,63900.0,1256317.5899999999,SELL,-276.66666666666424
2023-04-06,1256317.5899999999,0,62300.0,1256317.5899999999,SELL,-178.33333333333576
2023-04-07,1256317.5899999999,0,65000.0,1256317.5899999999,SELL,-95.0
2023-04-10,24932.909999999916,19,65700.0,1273232.91,BUY,103.33333333333576
2023-04-11,24932.909999999916,19,65900.0,1277032.91,BUY,301.66666666666424
2023-04-12,24932.909999999916,19,66000.0,1278932.91,BUY,556.6666666666642
2023-04-13,24932.909999999916,19,66100.0,1280832.91,BUY,780.0
2023-04-14,24932.909999999916,19,65100.0,1261832.91,BUY,1006.6666666666642
2023-04-17,24932.909999999916,19,65300.0,1265632.91,BUY,1128.3333333333358
2023-04-18,24932.909999999916,19,65600.0,1271332.91,BUY,1301.6666666666642
2023-04-19,24932.909999999916,19,65500.0,1269432.91,BUY,1498.3333333333358
2023-04-20,24932.909999999916,19,65300.0,1265632.91,BUY,1656.6666666666642
2023-04-21,24932.909999999916,19,65700.0,1273232.91,BUY,1773.3333333333358
2023-04-24,24932.909999999916,19,65200.0,1263732.91,BUY,1876.6666666666642
2023-04-25,24932.909999999916,19,63600.0,1233332.91,BUY,2021.6666666666642
2023-04-26,24932.909999999916,19,64100.0,1242832.91,BUY,2051.6666666666642
2023-04-27,24932.909999999916,19,64600.0,1252332.91,BUY,2076.6666666666642
2023-04-28,24932.909999999916,19,65500.0,1269432.91,BUY,2086.6666666666642
2023-05-02,24932.909999999916,19,65700.0,1273232.91,BUY,2128.3333333333358
2023-05-03,24932.909999999916,19,65400.0,1267532.91,BUY,2221.6666666666642
2023-05-04,24932.909999999916,19,65100.0,1261832.91,BUY,2248.3333333333358
2023-05-08,24932.909999999916,19,65900.0,1277032.91,BUY,2256.6666666666642
2023-05-09,24932.909999999916,19,65300.0,1265632.91,BUY,2390.0
2023-05-10,24932.909999999916,19,64600.0,1252332.91,BUY,2371.6666666666642
2023-05-11,24932.909999999916,19,64200.0,1244732.91,BUY,2288.3333333333358
2023-05-12,24932.909999999916,19,64100.0,1242832.91,BUY,2181.6666666666642
2023-05-15,24932.909999999916,19,64500.0,1250432.91,BUY,2071.6666666666642
2023-05-16,24932.909999999916,19,65400.0,1267532.91,BUY,1953.3333333333358
2023-05-17,24932.909999999916,19,65000.0,1259932.91,BUY,1940.0
2023-05-18,24932.909999999916,19,66200.0,1282732.91,BUY,1885.0
2023-05-19,24932.909999999916,19,68400.0,1324532.91,BUY,1856.6666666666642
2023-05-22,24932.909999999916,19,68500.0,1326432.91,BUY,1896.6666666666642
2023-05-23,24932.909999999916,19,68400.0,1324532.91,BUY,1933.3333333333358
2023-05-24,24932.909999999916,19,68500.0,1326432.91,BUY,1961.6666666666642
2023-05-25,24932.909999999916,19,68800.0,1332132.91,BUY,2006.6666666666642
2023-05-26,24932.909999999916,19,70300.0,1360632.91,BUY,2128.3333333333358
2023-05-30,24932.909999999916,19,72300.0,1398632.91,BUY,2276.6666666666642
2023-05-31,24932.909999999916,19,71400.0,1381532.91,BUY,2470.0
2023-06-01,24932.909999999916,19,70900.0,1372032.91,BUY,2583.3333333333358
2023-06-02,24932.909999999916,19,72200.0,1396732.91,BUY,2686.6666666666642
2023-06-05,24932.909999999916,19,71700.0,1387232.91,BUY,2835.0
2023-06-07,24932.909999999916,19,71000.0,1373932.91,BUY,2975.0
2023-06-08,24932.909999999916,19,70900.0,1372032.91,BUY,3048.3333333333358
2023-06-09,24932.909999999916,19,72000.0,1392932.91,BUY,3138.3333333333358
2023-06-12,24932.909999999916,19,71000.0,1373932.91,BUY,3308.3333333333358
2023-06-13,24932.909999999916,19,72000.0,1392932.91,BUY,3448.3333333333285
2023-06-14,24932.909999999916,19,71900.0,1391032.91,BUY,3640.0
2023-06-15,24932.909999999916,19,71500.0,1383432.91,BUY,3810.0
2023-06-16,24932.909999999916,19,71800.0,1389132.91,BUY,3945.0
2023-06-19,24932.909999999916,19,71200.0,1377732.91,BUY,4091.6666666666715
2023-06-20,24932.909999999916,19,71400.0,1381532.91,BUY,4160.0
2023-06-21,24932.909999999916,19,70500.0,1364432.91,BUY,4138.3333333333285
2023-06-22,24932.909999999916,19,71300.0,1379632.91,BUY,4101.6666666666715
2023-06-23,24932.909999999916,19,71600.0,1385332.91,BUY,4108.3333333333285
2023-06-26,24932.909999999916,19,72400.0,1400532.91,BUY,4105.0
2023-06-27,24932.909999999916,19,72600.0,1404332.91,BUY,4126.6666666666715
2023-06-28,24932.909999999916,19,72700.0,1406232.91,BUY,4076.6666666666715
2023-06-29,24932.909999999916,19,72400.0,1400532.91,BUY,3938.3333333333285
2023-06-30,24932.909999999916,19,72200.0,1396732.91,BUY,3848.3333333333285
2023-07-03,24932.909999999916,19,73000.0,1411932.91,BUY,3761.6666666666715
2023-07-04,24932.909999999916,19,73000.0,1411932.91,BUY,3645.0
2023-07-05,24932.909999999916,19,72000.0,1392932.91,BUY,3558.3333333333285
2023-07-06,24932.909999999916,19,71600.0,1385332.91,BUY,3446.6666666666715
2023-07-07,24932.909999999916,19,69900.0,1353032.91,BUY,3371.6666666666715
2023-07-10,24932.909999999916,19,69500.0,1345432.91,BUY,3196.6666666666715
2023-07-11,24932.909999999916,19,71500.0,1383432.91,BUY,3061.6666666666715
2023-07-12,24932.909999999916,19,71900.0,1391032.91,BUY,2945.0
2023-07-13,24932.909999999916,19,71900.0,1391032.91,BUY,2848.3333333333285
2023-07-14,24932.909999999916,19,73400.0,1419532.91,BUY,2755.0
2023-07-17,24932.909999999916,19,73300.0,1417632.91,BUY,2700.0
2023-07-18,24932.909999999916,19,72000.0,1392932.91,BUY,2676.6666666666715
2023-07-19,24932.909999999916,19,71700.0,1387232.91,BUY,2598.3333333333285
2023-07-20,24932.909999999916,19,71000.0,1373932.91,BUY,2551.6666666666715
2023-07-21,24932.909999999916,19,70300.0,1360632.91,BUY,2448.3333333333285
2023-07-24,24932.909999999916,19,70400.0,1362532.91,BUY,2298.3333333333285
2023-07-25,24932.909999999916,19,70000.0,1354932.91,BUY,2085.0
2023-07-26,24932.909999999916,19,69800.0,1351132.91,BUY,1856.6666666666715
2023-07-27,24932.909999999916,19,71700.0,1387232.91,BUY,1625.0
2023-07-28,24932.909999999916,19,70600.0,1366332.91,BUY,1486.6666666666715
2023-07-31,24932.909999999916,19,69800.0,1351132.91,BUY,1325.0
2023-08-01,24932.909999999916,19,71100.0,1375832.91,BUY,1091.6666666666715
2023-08-02,24932.909999999916,19,69900.0,1353032.91,BUY,896.6666666666715
2023-08-03,24932.909999999916,19,68800.0,1332132.91,BUY,725.0
2023-08-04,24932.909999999916,19,68300.0,1322632.91,BUY,526.6666666666715
2023-08-07,24932.909999999916,19,68500.0,1326432.91,BUY,385.0
2023-08-08,24932.909999999916,19,67600.0,1309332.91,BUY,263.3333333333285
2023-08-09,24932.909999999916,19,68900.0,1334032.91,BUY,10.0
2023-08-10,1322438.255,0,68000.0,1322438.255,SELL,-213.33333333332848
2023-08-11,1322438.255,0,67500.0,1322438.255,SELL,-451.6666666666715
2023-08-14,1322438.255,0,67300.0,1322438.255,SELL,-788.3333333333285
2023-08-16,1322438.255,0,67000.0,1322438.255,SELL,-1106.6666666666715
2023-08-17,1322438.255,0,66700.0,1322438.255,SELL,-1333.3333333333285
2023-08-18,1322438.255,0,66300.0,1322438.255,SELL,-1553.3333333333285
2023-08-21,1322438.255,0,66600.0,1322438.255,SELL,-1753.3333333333285
2023-08-22,1322438.255,0,66600.0,1322438.255,SELL,-1906.6666666666715
2023-08-23,1322438.255,0,67100.0,1322438.255,SELL,-2060.0
2023-08-24,1322438.255,0,68200.0,1322438.255,SELL,-2151.6666666666715
2023-08-25,1322438.255,0,67100.0,1322438.255,SELL,-2163.3333333333285
2023-08-28,1322438.255,0,66800.0,1322438.255,SELL,-2321.6666666666715
2023-08-29,1322438.255,0,66800.0,1322438.255,SELL,-2443.3333333333285
2023-08-30,1322438.255,0,67100.0,1322438.255,SELL,-2503.3333333333285
2023-08-31,1322438.255,0,66900.0,1322438.255,SELL,-2626.6666666666715
2023-09-01,1322438.255,0,71000.0,1322438.255,SELL,-2708.3333333333285
2023-09-04,1322438.255,0,71200.0,1322438.255,SELL,-2600.0
2023-09-05,1322438.255,0,70700.0,1322438.255,SELL,-2441.6666666666715
2023-09-06,1322438.255,0,70000.0,1322438.255,SELL,-2326.6666666666715
2023-09-07,1322438.255,0,70400.0,1322438.255,SELL,-2173.3333333333285
2023-09-08,1322438.255,0,70300.0,1322438.255,SELL,-2073.3333333333285
2023-09-11,1322438.255,0,70800.0,1322438.255,SELL,-1938.3333333333285
2023-09-12,1322438.255,0,70500.0,1322438.255,SELL,-1756.6666666666715
2023-09-13,1322438.255,0,70900.0,1322438.255,SELL,-1585.0
2023-09-14,1322438.255,0,71700.0,1322438.255,SELL,-1381.6666666666715
2023-09-15,1322438.255,0,72000.0,1322438.255,SELL,-1151.6666666666715
2023-09-18,1322438.255,0,70200.0,1322438.255,SELL,-878.3333333333285
2023-09-19,1322438.255,0,69800.0,1322438.255,SELL,-675.0
2023-09-20,1322438.255,0,69600.0,1322438.255,SELL,-471.6666666666715
2023-09-21,1322438.255,0,68900.0,1322438.255,SELL,-296.6666666666715
2023-09-22,1322438.255,0,68800.0,1322438.255,SELL,-198.33333333332848
2023-09-25,1322438.255,0,69400.0,1322438.255,SELL,-53.33333333332848
2023-09-26,62249.25499999989,18,68600.0,1297049.255,BUY,123.33333333332848
2023-09-27,62249.25499999989,18,68400.0,1293449.255,BUY,286.6666666666715
2023-10-04,62249.25499999989,18,67500.0,1277249.255,BUY,428.3333333333285
2023-10-05,62249.25499999989,18,66700.0,1262849.255,BUY,533.3333333333285
2023-10-06,62249.25499999989,18,66000.0,1250249.255,BUY,400.0
2023-10-10,62249.25499999989,18,66400.0,1257449.255,BUY,205.0
2023-10-11,62249.25499999989,18,68200.0,1289849.255,BUY,41.66666666667152
2023-10-12,62249.25499999989,18,68900.0,1302449.255,BUY,6.666666666671517
2023-10-13,1286065.6549999998,0,68000.0,1286065.6549999998,SELL,-18.333333333328483
2023-10-16,1286065.6549999998,0,67300.0,1286065.6549999998,SELL,-68.33333333332848
2023-10-17,1286065.6549999998,0,69400.0,1286065.6549999998,SELL,-141.66666666667152
2023-10-18,1286065.6549999998,0,70500.0,1286065.6549999998,SELL,-131.66666666667152
2023-10-19,1286065.6549999998,0,69500.0,1286065.6549999998,SELL,-126.66666666667152
2023-10-20,1286065.6549999998,0,68800.0,1286065.6549999998,SELL,-200.0
2023-10-23,1286065.6549999998,0,68400.0,1286065.6549999998,SELL,-323.3333333333285
2023-10-24,1286065.6549999998,0,68500.0,1286065.6549999998,SELL,-381.6666666666715
2023-10-25,1286065.6549999998,0,68000.0,1286065.6549999998,SELL,-415.0
2023-10-26,1286065.6549999998,0,66700.0,1286065.6549999998,SELL,-461.6666666666715
2023-10-27,1286065.6549999998,0,67300.0,1286065.6549999998,SELL,-520.0
2023-10-30,1286065.6549999998,0,67300.0,1286065.6549999998,SELL,-521.6666666666715
2023-10-31,1286065.6549999998,0,66900.0,1286065.6549999998,SELL,-571.6666666666715
2023-11-01,1286065.6549999998,0,68600.0,1286065.6549999998,SELL,-608.3333333333285
2023-11-02,1286065.6549999998,0,69700.0,1286065.6549999998,SELL,-556.6666666666715
2023-11-03,1286065.6549999998,0,69600.0,1286065.6549999998,SELL,-443.3333333333285
2023-11-06,1286065.6549999998,0,70900.0,1286065.6549999998,SELL,-311.6666666666715
2023-11-07,1286065.6549999998,0,70900.0,1286065.6549999998,SELL,-110.0
2023-11-08,2473.144999999786,18,69900.0,1260673.1449999998,BUY,75.0
2023-11-09,2473.144999999786,18,70300.0,1267873.1449999998,BUY,121.66666666667152
2023-11-10,2473.144999999786,18,70500.0,1271473.1449999998,BUY,168.33333333332848
2023-11-13,2473.144999999786,18,70400.0,1269673.1449999998,BUY,251.66666666667152
2023-11-14,2473.144999999786,18,70800.0,1276873.1449999998,BUY,358.3333333333285
2023-11-15,2473.144999999786,18,72200.0,1302073.1449999998,BUY,370.0
2023-11-16,2473.144999999786,18,72800.0,1312873.1449999998,BUY,368.3333333333285
2023-11-17,2473.144999999786,18,72500.0,1307473.1449999998,BUY,431.6666666666715
2023-11-20,2473.144999999786,18,72700.0,1311073.1449999998,BUY,513.3333333333285
2023-11-21,2473.144999999786,18,72800.0,1312873.1449999998,BUY,626.6666666666715
2023-11-22,2473.144999999786,18,72800.0,1312873.1449999998,BUY,738.3333333333285
2023-11-23,2473.144999999786,18,72400.0,1305673.1449999998,BUY,883.3333333333285
2023-11-24,2473.144999999786,18,71700.0,1293073.1449999998,BUY,1098.3333333333285
2023-11-27,2473.144999999786,18,71300.0,1285873.1449999998,BUY,1241.6666666666715
2023-11-28,2473.144999999786,18,72700.0,1311073.1449999998,BUY,1366.6666666666715
2023-11-29,2473.144999999786,18,72700.0,1311073.1449999998,BUY,1558.3333333333285
2023-11-30,2473.144999999786,18,72800.0,1312873.1449999998,BUY,1670.0
2023-12-01,2473.144999999786,18,72000.0,1298473.1449999998,BUY,1726.6666666666715
2023-12-04,2473.144999999786,18,72600.0,1309273.1449999998,BUY,1830.0
2023-12-05,2473.144999999786,18,71200.0,1284073.1449999998,BUY,1891.6666666666715
2023-12-06,2473.144999999786,18,71700.0,1293073.1449999998,BUY,1898.3333333333285
2023-12-07,2473.144999999786,18,71500.0,1289473.1449999998,BUY,1960.0
2023-12-08,2473.144999999786,18,72600.0,1309273.1449999998,BUY,2001.6666666666715
2023-12-11,2473.144999999786,18,73000.0,1316473.1449999998,BUY,2068.3333333333285
2023-12-12,2473.144999999786,18,73500.0,1325473.1449999998,BUY,2161.6666666666715
2023-12-13,2473.144999999786,18,72800.0,1312873.1449999998,BUY,2246.6666666666715
2023-12-14,2473.144999999786,18,73100.0,1318273.1449999998,BUY,2245.0
2023-12-15,2473.144999999786,18,73300.0,1321873.1449999998,BUY,2236.6666666666715
2023-12-18,2473.144999999786,18,72900.0,1314673.1449999998,BUY,2255.0
2023-12-19,2473.144999999786,18,73400.0,1323673.1449999998,BUY,2220.0
2023-12-20,2473.144999999786,18,74800.0,1348873.1449999998,BUY,2190.0
2023-12-21,2473.144999999786,18,75000.0,1352473.1449999998,BUY,2203.3333333333285
2023-12-22,2473.144999999786,18,75900.0,1368673.1449999998,BUY,2231.6666666666715
2023-12-26,2473.144999999786,18,76600.0,1381273.1449999998,BUY,2323.3333333333285
2023-12-27,2473.144999999786,18,78000.0,1406473.1449999998,BUY,2468.3333333333285
2023-12-28,2473.144999999786,18,78500.0,1415473.1449999998,BUY,2576.6666666666715
2024-01-02,2473.144999999786,18,79600.0,1435273.1449999998,BUY,2698.3333333333285
2024-01-03,2473.144999999786,18,77000.0,1388473.1449999998,BUY,2836.6666666666715
2024-01-04,2473.144999999786,18,76600.0,1381273.1449999998,BUY,2915.0
2024-01-05,2473.144999999786,18,76600.0,1381273.1449999998,BUY,2938.3333333333285
2024-01-08,2473.144999999786,18,76500.0,1379473.1449999998,BUY,3038.3333333333285
2024-01-09,2473.144999999786,18,74700.0,1347073.1449999998,BUY,3140.0
2024-01-10,2473.144999999786,18,73600.0,1327273.1449999998,BUY,3203.3333333333285
2024-01-11,2473.144999999786,18,73200.0,1320073.1449999998,BUY,3160.0
2024-01-12,2473.144999999786,18,73100.0,1318273.1449999998,BUY,3071.6666666666715
2024-01-15,2473.144999999786,18,73900.0,1332673.1449999998,BUY,2990.0
2024-01-16,2473.144999999786,18,72600.0,1309273.1449999998,BUY,2988.3333333333285
2024-01-17,2473.144999999786,18,71000.0,1280473.1449999998,BUY,2911.6666666666715
2024-01-18,2473.144999999786,18,71700.0,1293073.1449999998,BUY,2760.0
2024-01-19,2473.144999999786,18,74700.0,1347073.1449999998,BUY,2645.0
2024-01-22,2473.144999999786,18,75100.0,1354273.1449999998,BUY,2606.6666666666715
2024-01-23,2473.144999999786,18,75200.0,1356073.1449999998,BUY,2503.3333333333285
2024-01-24,2473.144999999786,18,74000.0,1334473.1449999998,BUY,2371.6666666666715
2024-01-25,2473.144999999786,18,74100.0,1336273.1449999998,BUY,2165.0
2024-01-26,2473.144999999786,18,73400.0,1323673.1449999998,BUY,1926.6666666666715
2024-01-29,2473.144999999786,18,74400.0,1341673.1449999998,BUY,1588.3333333333285
2024-01-30,2473.144999999786,18,74300.0,1339873.1449999998,BUY,1286.6666666666715
2024-01-31,2473.144999999786,18,72700.0,1311073.1449999998,BUY,945.0
2024-02-01,2473.144999999786,18,73600.0,1327273.1449999998,BUY,678.3333333333285
2024-02-02,2473.144999999786,18,75200.0,1356073.1449999998,BUY,483.3333333333285
2024-02-05,2473.144999999786,18,74300.0,1339873.1449999998,BUY,341.6666666666715
2024-02-06,2473.144999999786,18,74400.0,1341673.1449999998,BUY,158.33333333332848
2024-02-07,2473.144999999786,18,75000.0,1352473.1449999998,BUY,75.0
2024-02-08,2473.144999999786,18,74100.0,1336273.1449999998,BUY,70.0
2024-02-13,2473.144999999786,18,75200.0,1356073.1449999998,BUY,53.33333333332848
2024-02-14,2473.144999999786,18,74000.0,1334473.1449999998,BUY,85.0
2024-02-15,2473.144999999786,18,73200.0,1320073.1449999998,BUY,60.0
2024-02-16,2473.144999999786,18,72800.0,1312873.1449999998,BUY,83.33333333332848
2024-02-19,2473.144999999786,18,73800.0,1330873.1449999998,BUY,168.33333333332848
2024-02-20,2473.144999999786,18,73300.0,1321873.1449999998,BUY,255.0
2024-02-21,2473.144999999786,18,73000.0,1316473.1449999998,BUY,176.66666666667152
2024-02-22,2473.144999999786,18,73100.0,1318273.1449999998,BUY,68.33333333332848
2024-02-23,1327074.4249999998,0,72900.0,1327074.4249999998,SELL,-48.33333333332848
2024-02-26,1327074.4249999998,0,72800.0,1327074.4249999998,SELL,-123.33333333332848
2024-02-27,1327074.4249999998,0,72900.0,1327074.4249999998,SELL,-213.33333333332848
2024-02-28,1327074.4249999998,0,73200.0,1327074.4249999998,SELL,-241.66666666667152
2024-02-29,1327074.4249999998,0,73400.0,1327074.4249999998,SELL,-310.0
2024-03-04,1327074.4249999998,0,74900.0,1327074.4249999998,SELL,-365.0
2024-03-05,1327074.4249999998,0,73700.0,1327074.4249999998,SELL,-303.3333333333285
2024-03-06,1327074.4249999998,0,72900.0,1327074.4249999998,SELL,-316.6666666666715
2024-03-07,1327074.4249999998,0,72200.0,1327074.4249999998,SELL,-460.0
2024-03-08,1327074.4249999998,0,73300.0,1327074.4249999998,SELL,-573.3333333333285
2024-03-11,1327074.4249999998,0,72400.0,1327074.4249999998,SELL,-658.3333333333285
2024-03-12,1327074.4249999998,0,73300.0,1327074.4249999998,SELL,-785.0
2024-03-13,1327074.4249999998,0,74100.0,1327074.4249999998,SELL,-830.0
2024-03-14,1327074.4249999998,0,74300.0,1327074.4249999998,SELL,-895.0
2024-03-15,1327074.4249999998,0,72300.0,1327074.4249999998,SELL,-905.0
2024-03-18,1327074.4249999998,0,72800.0,1327074.4249999998,SELL,-936.6666666666715
2024-03-19,1327074.4249999998,0,72800.0,1327074.4249999998,SELL,-928.3333333333285
2024-03-20,1327074.4249999998,0,76900.0,1327074.4249999998,SELL,-976.6666666666715
2024-03-21,1327074.4249999998,0,79300.0,1327074.4249999998,SELL,-855.0
2024-03-22,1327074.4249999998,0,78900.0,1327074.4249999998,SELL,-615.0
2024-03-25,1327074.4249999998,0,78200.0,1327074.4249999998,SELL,-390.0
2024-03-26,1327074.4249999998,0,79900.0,1327074.4249999998,SELL,-163.33333333332848
2024-03-27,59684.34499999974,16,79800.0,1336484.3449999997,BUY,136.66666666667152
2024-03-28,59684.34499999974,16,80800.0,1352484.3449999997,BUY,451.6666666666715
2024-03-29,59684.34499999974,16,82400.0,1378084.3449999997,BUY,793.3333333333285
2024-04-01,59684.34499999974,16,82000.0,1371684.3449999997,BUY,1196.6666666666715
2024-04-02,59684.34499999974,16,85000.0,1419684.3449999997,BUY,1468.3333333333285
2024-04-03,59684.34499999974,16,84100.0,1405284.3449999997,BUY,1893.3333333333285
2024-04-04,59684.34499999974,16,85300.0,1424484.3449999997,BUY,2328.3333333333285
2024-04-05,59684.34499999974,16,84500.0,1411684.3449999997,BUY,2836.6666666666715
2024-04-08,59684.34499999974,16,84500.0,1411684.3449999997,BUY,3233.3333333333285
2024-04-09,59684.34499999974,16,83600.0,1397284.3449999997,BUY,3656.6666666666715
2024-04-11,59684.34499999974,16,84100.0,1405284.3449999997,BUY,3998.3333333333285
2024-04-12,59684.34499999974,16,83700.0,1398884.3449999997,BUY,4315.0
2024-04-15,59684.34499999974,16,82200.0,1374884.3449999997,BUY,4621.6666666666715
2024-04-16,59684.34499999974,16,80000.0,1339684.3449999997,BUY,4956.6666666666715
2024-04-17,59684.34499999974,16,78900.0,1322084.3449999997,BUY,5166.6666666666715
2024-04-18,59684.34499999974,16,79600.0,1333284.3449999997,BUY,5351.6666666666715
2024-04-19,59684.34499999974,16,77600.0,1301284.3449999997,BUY,5405.0
2024-04-22,59684.34499999974,16,76100.0,1277284.3449999997,BUY,5278.3333333333285
2024-04-23,59684.34499999974,16,75500.0,1267684.3449999997,BUY,5123.3333333333285
2024-04-24,59684.34499999974,16,78600.0,1317284.3449999997,BUY,4963.3333333333285
2024-04-25,59684.34499999974,16,76300.0,1280484.3449999997,BUY,4823.3333333333285
2024-04-26,59684.34499999974,16,76700.0,1286884.3449999997,BUY,4600.0
2024-04-29,59684.34499999974,16,76700.0,1286884.3449999997,BUY,4356.6666666666715
2024-04-30,59684.34499999974,16,77500.0,1299684.3449999997,BUY,4031.6666666666715
2024-05-02,59684.34499999974,16,78000.0,1307684.3449999997,BUY,3726.6666666666715
2024-05-03,59684.34499999974,16,77600.0,1301284.3449999997,BUY,3303.3333333333285
2024-05-07,59684.34499999974,16,81300.0,1360484.3449999997,BUY,2938.3333333333285
2024-05-08,59684.34499999974,16,81300.0,1360484.3449999997,BUY,2621.6666666666715
2024-05-09,59684.34499999974,16,79700.0,1334884.3449999997,BUY,2346.6666666666715
2024-05-10,59684.34499999974,16,79200.0,1326884.3449999997,BUY,2028.3333333333285
2024-05-13,59684.34499999974,16,78400.0,1314084.3449999997,BUY,1723.3333333333285
2024-05-14,59684.34499999974,16,78300.0,1312484.3449999997,BUY,1385.0
2024-05-16,59684.34499999974,16,78200.0,1310884.3449999997,BUY,1043.3333333333285
2024-05-17,59684.34499999974,16,77400.0,1298084.3449999997,BUY,760.0
2024-05-20,59684.34499999974,16,78900.0,1322084.3449999997,BUY,553.3333333333285
2024-05-21,59684.34499999974,16,78400.0,1314084.3449999997,BUY,468.3333333333285
2024-05-22,59684.34499999974,16,77700.0,1302884.3449999997,BUY,323.3333333333285
2024-05-23,59684.34499999974,16,78300.0,1312484.3449999997,BUY,250.0
2024-05-24,59684.34499999974,16,75900.0,1274084.3449999997,BUY,273.3333333333285
2024-05-27,59684.34499999974,16,77200.0,1294884.3449999997,BUY,243.33333333332848
2024-05-28,59684.34499999974,16,77600.0,1301284.3449999997,BUY,100.0
2024-05-29,59684.34499999974,16,75200.0,1262884.3449999997,BUY,86.66666666667152
2024-05-30,1256304.8249999997,0,73500.0,1256304.8249999997,SELL,-21.666666666671517
2024-05-31,1256304.8249999997,0,73500.0,1256304.8249999997,SELL,-183.33333333332848
2024-06-03,1256304.8249999997,0,75700.0,1256304.8249999997,SELL,-360.0
2024-06-04,1256304.8249999997,0,75300.0,1256304.8249999997,SELL,-508.3333333333285
2024-06-05,1256304.8249999997,0,77400.0,1256304.8249999997,SELL,-663.3333333333285
2024-06-07,1256304.8249999997,0,77300.0,1256304.8249999997,SELL,-945.0
2024-06-10,1256304.8249999997,0,75700.0,1256304.8249999997,SELL,-1211.6666666666715
2024-06-11,1256304.8249999997,0,75200.0,1256304.8249999997,SELL,-1466.6666666666715
2024-06-12,1256304.8249999997,0,76500.0,1256304.8249999997,SELL,-1698.3333333333285
2024-06-13,1256304.8249999997,0,78600.0,1256304.8249999997,SELL,-1833.3333333333285
2024-06-14,1256304.8249999997,0,79600.0,1256304.8249999997,SELL,-1890.0
2024-06-17,1256304.8249999997,0,78100.0,1256304.8249999997,SELL,-1941.6666666666715
2024-06-18,1256304.8249999997,0,79800.0,1256304.8249999997,SELL,-1995.0
2024-06-19,1256304.8249999997,0,81200.0,1256304.8249999997,SELL,-2066.6666666666715
2024-06-20,1256304.8249999997,0,81600.0,1256304.8249999997,SELL,-1998.3333333333285
2024-06-21,1256304.8249999997,0,80000.0,1256304.8249999997,SELL,-1841.6666666666715
2024-06-24,1256304.8249999997,0,80600.0,1256304.8249999997,SELL,-1775.0
2024-06-25,1256304.8249999997,0,80800.0,1256304.8249999997,SELL,-1580.0
2024-06-26,1256304.8249999997,0,81300.0,1256304.8249999997,SELL,-1415.0
2024-06-27,1256304.8249999997,0,81600.0,1256304.8249999997,SELL,-1255.0
2024-06-28,1256304.8249999997,0,81500.0,1256304.8249999997,SELL,-948.3333333333285
2024-07-01,1256304.8249999997,0,81800.0,1256304.8249999997,SELL,-533.3333333333285
2024-07-02,1256304.8249999997,0,81800.0,1256304.8249999997,SELL,-115.0
2024-07-03,21619.649999999674,15,81800.0,1248619.6499999997,BUY,243.33333333332848
2024-07-04,21619.649999999674,15,84600.0,1290619.6499999997,BUY,606.6666666666715
2024-07-05,21619.649999999674,15,87100.0,1328119.6499999997,BUY,978.3333333333285
2024-07-08,21619.649999999674,15,87400.0,1332619.6499999997,BUY,1425.0
2024-07-09,21619.649999999674,15,87800.0,1338619.6499999997,BUY,1961.6666666666715
2024-07-10,21619.649999999674,15,87800.0,1338619.6499999997,BUY,2521.6666666666715
2024-07-11,21619.649999999674,15,87600.0,1335619.6499999997,BUY,3025.0
2024-07-12,21619.649999999674,15,84400.0,1287619.6499999997,BUY,3410.0
2024-07-15,21619.649999999674,15,86700.0,1322119.6499999997,BUY,3613.3333333333285
2024-07-16,21619.649999999674,15,87700.0,1337119.6499999997,BUY,3931.6666666666715
2024-07-17,21619.649999999674,15,86700.0,1322119.6499999997,BUY,4180.0
2024-07-18,21619.649999999674,15,86900.0,1325119.6499999997,BUY,4336.6666666666715
2024-07-19,21619.649999999674,15,84400.0,1287619.6499999997,BUY,4446.6666666666715
2024-07-22,21619.649999999674,15,83000.0,1266619.6499999997,BUY,4528.3333333333285
2024-07-23,21619.649999999674,15,83900.0,1280119.6499999997,BUY,4523.3333333333285
2024-07-24,21619.649999999674,15,82000.0,1251619.6499999997,BUY,4590.0
2024-07-25,21619.649999999674,15,80400.0,1227619.6499999997,BUY,4530.0
2024-07-26,21619.649999999674,15,80900.0,1235119.6499999997,BUY,4408.3333333333285
2024-07-29,21619.649999999674,15,81200.0,1239619.6499999997,BUY,4308.3333333333285
2024-07-30,21619.649999999674,15,81000.0,1236619.6499999997,BUY,4216.6666666666715
2024-07-31,21619.649999999674,15,83900.0,1280119.6499999997,BUY,4126.6666666666715
2024-08-01,21619.649999999674,15,83100.0,1268119.6499999997,BUY,4126.6666666666715
2024-08-02,21619.649999999674,15,79600.0,1215619.6499999997,BUY,4021.6666666666715
2024-08-05,21619.649999999674,15,71400.0,1092619.6499999997,BUY,3675.0
2024-08-06,21619.649999999674,15,72500.0,1109119.6499999997,BUY,3013.3333333333285
2024-08-07,21619.649999999674,15,74700.0,1142119.6499999997,BUY,2360.0
2024-08-08,21619.649999999674,15,73400.0,1122619.6499999997,BUY,1766.6666666666715
2024-08-09,21619.649999999674,15,74700.0,1142119.6499999997,BUY,1138.3333333333285
2024-08-12,21619.649999999674,15,75500.0,1154119.6499999997,BUY,711.6666666666715
2024-08-13,21619.649999999674,15,76100.0,1163119.6499999997,BUY,183.33333333332848
2024-08-14,1182445.4999999998,0,77200.0,1182445.4999999998,SELL,-350.0
2024-08-16,1182445.4999999998,0,80200.0,1182445.4999999998,SELL,-805.0
2024-08-19,1182445.4999999998,0,78300.0,1182445.4999999998,SELL,-1181.6666666666715
2024-08-20,1182445.4999999998,0,78900.0,1182445.4999999998,SELL,-1486.6666666666715
2024-08-21,1182445.4999999998,0,78300.0,1182445.4999999998,SELL,-1741.6666666666715
2024-08-22,1182445.4999999998,0,78300.0,1182445.4999999998,SELL,-2040.0
2024-08-23,1182445.4999999998,0,77700.0,1182445.4999999998,SELL,-2236.6666666666715
2024-08-26,1182445.4999999998,0,76100.0,1182445.4999999998,SELL,-2413.3333333333285
2024-08-27,1182445.4999999998,0,75800.0,1182445.4999999998,SELL,-2696.6666666666715
2024-08-28,1182445.4999999998,0,76400.0,1182445.4999999998,SELL,-3005.0
2024-08-29,1182445.4999999998,0,74000.0,1182445.4999999998,SELL,-3246.6666666666715
2024-08-30,1182445.4999999998,0,74300.0,1182445.4999999998,SELL,-3720.0
2024-09-02,1182445.4999999998,0,74400.0,1182445.4999999998,SELL,-4108.3333333333285
2024-09-03,1182445.4999999998,0,72500.0,1182445.4999999998,SELL,-4320.0
2024-09-04,1182445.4999999998,0,70000.0,1182445.4999999998,SELL,-4211.6666666666715
2024-09-05,1182445.4999999998,0,69000.0,1182445.4999999998,SELL,-4250.0
2024-09-06,1182445.4999999998,0,68900.0,1182445.4999999998,SELL,-4410.0
2024-09-09,1182445.4999999998,0,67500.0,1182445.4999999998,SELL,-4473.3333333333285
2024-09-10,1182445.4999999998,0,66200.0,1182445.4999999998,SELL,-4631.6666666666715
2024-09-11,1182445.4999999998,0,64900.0,1182445.4999999998,SELL,-4898.3333333333285
2024-09-12,1182445.4999999998,0,66300.0,1182445.4999999998,SELL,-5210.0
2024-09-13,1182445.4999999998,0,64400.0,1182445.4999999998,SELL,-5506.6666666666715
2024-09-19,1182445.4999999998,0,63100.0,1182445.4999999998,SELL,-6010.0
2024-09-20,1182445.4999999998,0,63000.0,1182445.4999999998,SELL,-6488.3333333333285
2024-09-23,1182445.4999999998,0,62600.0,1182445.4999999998,SELL,-6990.0
2024-09-24,1182445.4999999998,0,63200.0,1182445.4999999998,SELL,-7471.6666666666715
2024-09-25,1182445.4999999998,0,62200.0,1182445.4999999998,SELL,-7925.0
2024-09-26,1182445.4999999998,0,64700.0,1182445.4999999998,SELL,-8376.666666666672
2024-09-27,1182445.4999999998,0,64200.0,1182445.4999999998,SELL,-8666.666666666672
2024-09-30,1182445.4999999998,0,61500.0,1182445.4999999998,SELL,-8953.333333333328
2024-10-02,1182445.4999999998,0,61300.0,1182445.4999999998,SELL,-9360.0
2024-10-04,1182445.4999999998,0,60600.0,1182445.4999999998,SELL,-9653.333333333328
2024-10-07,1182445.4999999998,0,61000.0,1182445.4999999998,SELL,-9938.333333333328
2024-10-08,1182445.4999999998,0,60300.0,1182445.4999999998,SELL,-10173.333333333328
2024-10-10,1182445.4999999998,0,58900.0,1182445.4999999998,SELL,-10331.666666666672
2024-10-11,1182445.4999999998,0,59300.0,1182445.4999999998,SELL,-10405.0
2024-10-14,1182445.4999999998,0,59300.0,1182445.4999999998,SELL,-10415.0
2024-10-15,1182445.4999999998,0,61000.0,1182445.4999999998,SELL,-10423.333333333328
2024-10-16,1182445.4999999998,0,59500.0,1182445.4999999998,SELL,-10358.333333333328
2024-10-17,1182445.4999999998,0,59700.0,1182445.4999999998,SELL,-10240.0
2024-10-18,1182445.4999999998,0,59200.0,1182445.4999999998,SELL,-10033.333333333328
2024-10-21,1182445.4999999998,0,59000.0,1182445.4999999998,SELL,-9930.0
2024-10-22,1182445.4999999998,0,57700.0,1182445.4999999998,SELL,-9735.0
2024-10-23,1182445.4999999998,0,59100.0,1182445.4999999998,SELL,-9560.0
2024-10-24,1182445.4999999998,0,56600.0,1182445.4999999998,SELL,-9356.666666666672
2024-10-25,1182445.4999999998,0,55900.0,1182445.4999999998,SELL,-9201.666666666672
2024-10-28,1182445.4999999998,0,58100.0,1182445.4999999998,SELL,-9131.666666666672
2024-10-29,1182445.4999999998,0,59600.0,1182445.4999999998,SELL,-8965.0
2024-10-30,1182445.4999999998,0,59100.0,1182445.4999999998,SELL,-8865.0
2024-10-31,1182445.4999999998,0,59200.0,1182445.4999999998,SELL,-8751.666666666672
2024-11-01,1182445.4999999998,0,58300.0,1182445.4999999998,SELL,-8503.333333333328
2024-11-04,1182445.4999999998,0,58700.0,1182445.4999999998,SELL,-8226.666666666672
2024-11-05,1182445.4999999998,0,57600.0,1182445.4999999998,SELL,-7915.0
2024-11-06,1182445.4999999998,0,57300.0,1182445.4999999998,SELL,-7718.3333333333285
2024-11-07,1182445.4999999998,0,57300.0,1182445.4999999998,SELL,-7633.3333333333285
2024-11-08,1182445.4999999998,0,57000.0,1182445.4999999998,SELL,-7460.0
2024-11-11,1182445.4999999998,0,55000.0,1182445.4999999998,SELL,-7280.0
2024-11-12,1182445.4999999998,0,53000.0,1182445.4999999998,SELL,-7188.333333333336
2024-11-13,1182445.4999999998,0,50600.0,1182445.4999999998,SELL,-7226.666666666664
2024-11-14,1182445.4999999998,0,49900.0,1182445.4999999998,SELL,-7256.666666666664
2024-11-15,1182445.4999999998,0,53500.0,1182445.4999999998,SELL,-7310.0
2024-11-18,1182445.4999999998,0,56700.0,1182445.4999999998,SELL,-7200.0
2024-11-19,1182445.4999999998,0,56300.0,1182445.4999999998,SELL,-6923.333333333336
2024-11-20,1182445.4999999998,0,55300.0,1182445.4999999998,SELL,-6626.666666666664
2024-11-21,1182445.4999999998,0,56400.0,1182445.4999999998,SELL,-6423.333333333336
2024-11-22,1182445.4999999998,0,56000.0,1182445.4999999998,SELL,-6068.333333333336
2024-11-25,1182445.4999999998,0,57900.0,1182445.4999999998,SELL,-5691.666666666664
2024-11-26,1182445.4999999998,0,58300.0,1182445.4999999998,SELL,-5371.666666666664
2024-11-27,1182445.4999999998,0,56300.0,1182445.4999999998,SELL,-5140.0
2024-11-28,1182445.4999999998,0,55500.0,1182445.4999999998,SELL,-4955.0
2024-11-29,1182445.4999999998,0,54200.0,1182445.4999999998,SELL,-4791.666666666664
2024-12-02,1182445.4999999998,0,53600.0,1182445.4999999998,SELL,-4666.666666666664
2024-12-03,1182445.4999999998,0,53600.0,1182445.4999999998,SELL,-4576.666666666664
2024-12-04,1182445.4999999998,0,53100.0,1182445.4999999998,SELL,-4430.0
2024-12-05,1182445.4999999998,0,53700.0,1182445.4999999998,SELL,-4316.666666666664
2024-12-06,1182445.4999999998,0,54100.0,1182445.4999999998,SELL,-4225.0
2024-12-09,1182445.4999999998,0,53400.0,1182445.4999999998,SELL,-4121.666666666664
2024-12-10,1182445.4999999998,0,54000.0,1182445.4999999998,SELL,-3943.3333333333358
2024-12-11,1182445.4999999998,0,54000.0,1182445.4999999998,SELL,-3668.3333333333358
2024-12-12,1182445.4999999998,0,55900.0,1182445.4999999998,SELL,-3295.0
2024-12-13,1182445.4999999998,0,56100.0,1182445.4999999998,SELL,-2845.0
2024-12-16,1182445.4999999998,0,55600.0,1182445.4999999998,SELL,-2545.0
2024-12-17,1182445.4999999998,0,54200.0,1182445.4999999998,SELL,-2453.3333333333358
2024-12-18,1182445.4999999998,0,54900.0,1182445.4999999998,SELL,-2410.0
2024-12-19,1182445.4999999998,0,53100.0,1182445.4999999998,SELL,-2295.0
2024-12-20,1182445.4999999998,0,53000.0,1182445.4999999998,SELL,-2301.6666666666642
2024-12-23,1182445.4999999998,0,53500.0,1182445.4999999998,SELL,-2281.6666666666642
2024-12-24,1182445.4999999998,0,54400.0,1182445.4999999998,SELL,-2356.6666666666642
2024-12-26,1182445.4999999998,0,53600.0,1182445.4999999998,SELL,-2380.0
2024-12-27,1182445.4999999998,0,53700.0,1182445.4999999998,SELL,-2338.3333333333358
2024-12-30,1182445.4999999998,0,53200.0,1182445.4999999998,SELL,-2298.3333333333358
